gvkey,coname
1004,AAR CORP
1013,ADC TELECOMMUNICATIONS INC
1034,ALPHARMA INC  -CL A
1045,AMERICAN AIRLINES GROUP INC
1055,AST RESEARCH INC
1056,AEROFLEX INC
1072,AVX CORP
1075,PINNACLE WEST CAPITAL CORP
1076,PROG HOLDINGS INC
1078,ABBOTT LABORATORIES
1111,ACTIVISION INC
1115,ADAC LABORATORIES
1161,ADVANCED MICRO DEVICES
1164,MCI INC
1177,AETNA INC
1183,IDNA INC
1194,AHMANSON (H F) & CO
1203,AIR EXPRESS INTERNATIONAL CP
1209,AIR PRODUCTS & CHEMICALS INC
1213,AIRBORNE INC
1230,ALASKA AIR GROUP INC
1239,ALBERTO-CULVER CO
1240,ALBERTSON'S INC
1243,ALCAN INC
1246,IKON OFFICE SOLUTIONS
1253,ALEXANDER & ALEXANDER
1254,MATSON INC
1279,ALLEGHENY ENERGY INC
1281,ALLEN TELECOM INC
1300,HONEYWELL INTERNATIONAL INC
1318,ALLTEL CORP
1327,SKYWORKS SOLUTIONS INC
1356,ALCOA INC
1359,ALZA CORP
1372,AMCAST INDUSTRIAL CORP
1380,HESS CORP
1392,AMDAHL CORP
1408,BEAM INC
1410,ABM INDUSTRIES INC
1430,AMERICAN CYANAMID CO
1440,AMERICAN ELECTRIC POWER CO
1447,AMERICAN EXPRESS CO
1449,AFLAC INC
1465,AMERICAN GENERAL CORP
1468,AMERICAN GREETINGS  -CL A
1478,WYETH
1485,AMERITECH CORP
1487,AMERICAN INTERNATIONAL GROUP
1500,AMERICAN MANAGEMENT SYSTEMS
1533,AMERICAN PACIFIC CORP
1543,APL LTD
1567,TRANE INC
1573,AMERICAN STORES CO
1581,AT&T CORP
1587,AMERICAN WATER WORKS INC
1594,AMES DEPT STORES INC
1598,AMETEK INC
1602,AMGEN INC
1608,AMP INC
1609,AMOCO CORP
1619,AMSOUTH BANCORPORATION
1632,ANALOG DEVICES INC
1634,ANALYSTS INTERNATIONAL CORP
1651,ANDREW CORP
1655,ANGELICA CORP
1661,NABORS INDUSTRIES LTD
1663,ANHEUSER-BUSCH COS INC
1675,ANTHEM ELECTRONICS INC
1677,K2 INC
1678,APA CORP
1686,APOGEE ENTERPRISES INC
1690,APPLE INC
1703,APPLIED MAGNETICS CORP
1704,APPLIED MATERIALS INC
1706,ENERPAC TOOL GROUP CORP
1722,ARCHER-DANIELS-MIDLAND CO
1743,ARCBEST CORP
1746,NORAM ENERGY CORP
1755,ARMCO INC
1762,ARMSTRONG HOLDINGS INC
1766,ARNOLD INDUSTRIES INC
1773,ARROW ELECTRONICS INC
1786,ARVIN INDUSTRIES INC
1789,ASARCO INC
1794,ASHLAND GLOBAL HOLDINGS INC
1831,ASSOCIATES FIRST CAP -CL A
1837,SOUTHERN CO GAS
1843,ATLANTIC ENERGY INC
1848,ATLANTIC RICHFIELD CO
1849,ASA HOLDINGS INC
1860,ATWOOD OCEANICS
1865,AUGAT INC
1878,AUTODESK INC
1891,AUTOMATIC DATA PROCESSING
1913,AVERY DENNISON CORP
1919,AVNET INC
1920,AVON PRODUCTS
1943,BMC INDUSTRIES INC
1976,BAKER HUGHES INC
1981,BALDOR ELECTRIC CO
1988,BALL CORP
1990,BALLY ENTERTAINMENT CORP
1995,CONSTELLATION ENERGY GRP INC
1998,BANK ONE CORP
2005,BANK OF HAWAII CORP
2006,BANCTEC INC-REDH
2008,BANDAG INC
2014,BANKBOSTON CORP
2019,BANK OF NEW YORK MELLON CORP
2024,BANKAMERICA CORP-OLD
2029,BANKERS TRUST CORP
2032,LIBERTY BANCORP INC/OK
2034,BANTA CORP
2044,BARD (C.R.) INC
2049,BARNES GROUP INC
2051,BARNETT BANKS INC
2054,BARRETT RESOURCES CORP
2055,BARRICK GOLD CORP
2080,BASSETT FURNITURE INDS
2085,BAUSCH & LOMB HLDGS  -REDH
2086,BAXTER INTERNATIONAL INC
2101,APPLIED INDUSTRIAL TECH INC
2111,BECTON DICKINSON & CO
2124,BEL FUSE INC
2136,VERIZON COMMUNICATIONS INC
2138,BELL INDUSTRIES INC
2146,BELLSOUTH CORP
2150,BELO CORP  -SER A COM
2154,BEMIS CO INC
2159,BENEFICIAL CORP
2169,BERGEN BRUNSWIG CORP  -CL A
2184,BEST BUY CO INC
2189,BETHLEHEM STEEL CORP
2190,BETZDEARBORN INC
2193,BEVERLY ENTERPRISES INC
2213,BINDLEY WESTERN INDS
2220,BIO-RAD LABORATORIES INC
2222,SAVIENT PHARMACEUTICALS INC
2226,BIOGEN INC-OLD
2230,BIOMET INC
2255,BLACK & DECKER CORP
2259,BLACK HILLS CORP
2269,BLOCK H & R INC
2270,VALARIS LTD
2271,BLOUNT INTL INC
2281,BOATMENS BANCSHARES INC
2282,BOB EVANS FARMS
2285,BOEING CO
2290,OFFICEMAX INC
2294,BBN CORP
2308,BOOLE & BABBAGE INC
2312,ROBERT HALF INTL INC
2316,HEXION INC
2328,NSTAR
2337,RESOLUTE FOREST PRODUCTS INC
2346,BOWNE & CO INC
2352,BRADY CORP
2375,BRENCO INC
2393,BRIGGS & STRATTON
2403,BRISTOL-MYERS SQUIBB CO
2424,KEYSPAN ENERGY CORP
2435,BROWN FORMAN CORP
2436,CALERES INC
2437,BROWN (TOM) INC
2439,BROWNING-FERRIS INDS
2443,BRUNOS INC
2444,BRUNSWICK CORP
2448,MATERION CORP
2489,BURLINGTON INDUSTRIES INC
2490,BURLINGTON NORTHERN SANTA FE
2497,MASTEC INC
2498,BURR-BROWN CORP
2504,UNISYS CORP
2518,BUTLER MFG CO
2527,CBI INDUSTRIES INC
2529,CBS INC
2536,LIVERAMP HOLDINGS INC
2537,C-COR INC
2538,CDI CORP
2547,CIGNA CORP
2549,CIT GROUP INC-OLD
2554,CML GROUP
2555,CPI CORP
2558,CNA FINANCIAL CORP
2562,BESTFOODS
2569,CRSS INC
2574,CSX CORP
2577,CTS CORP
2593,CABOT CORP
2596,CACI INTL INC  -CL A
2612,CALIFORNIA FED BANCORP INC
2625,ADAPTIVE BROADBAND CORP.
2633,CALMAT CO
2663,CAMPBELL SOUP CO
2710,CONSTELLATION BRANDS
2729,CAPITAL CITIES/ABC INC
2751,CARDINAL HEALTH INC
2771,CARLISLE COS INC
2783,PROGRESS ENERGY INC
2787,CARPENTER TECHNOLOGY CORP
2797,CARTER-WALLACE INC
2803,CASCADE NATURAL GAS CORP
2807,CASEYS GENERAL STORES INC
2811,CASTLE (A M) & CO
2812,DOLE FOOD CO INC
2817,CATERPILLAR INC
2818,CATO CORP  -CL A
2845,CENTEX CORP
2846,CENTOCOR INC
2847,CENTRAL & SOUTH WEST CORP
2849,BBVA COMPASS BANCSHARES INC
2854,CENTRAL FIDELITY BANKS INC
2856,CH ENERGY GROUP INC
2859,CLECO CORP
2860,CMP GROUP INC
2870,CENTRAL VERMONT PUB SERV
2884,LUMEN TECHNOLOGIES INC
2888,CERADYNE INC
2916,CHAMPION ENTERPRISES INC
2917,CHAMPION INTERNATIONAL CORP
2938,CHARMING SHOPPES INC
2940,MAGELLAN HEALTH INC
2943,CHASE MANHATTAN CORP  -OLD
2950,CHATTEM INC
2953,CHECKPOINT SYSTEMS INC
2960,CHEMED CORP
2968,JPMORGAN CHASE & CO
2982,CHESAPEAKE CORP
2991,CHEVRON CORP
3007,BRINKER INTL INC
3011,CHIRON CORP
3015,CHRIS-CRAFT INDS
3022,CHRYSLER CORP
3024,CHUBB CORP
3026,CHURCH & DWIGHT INC
3036,CINCINNATI BELL INC
3041,MILACRON INC
3053,CIRCON CORP
3054,CIRCUIT CITY STORES INC
3062,CINTAS CORP
3063,MANDALAY RESORT GROUP
3066,CITICORP
3082,CITY NATIONAL CORP
3087,CLAIRES STORES INC
3091,CLARK EQUIPMENT CO
3093,CLARCOR INC
3103,CLAYTON HOMES INC
3105,IHEARTMEDIA INC
3107,CLEVELAND-CLIFFS INC
3121,CLOROX CO/DE
3126,ALL AMERICAN GROUP INC
3130,EL PASO CGP CO
3144,COCA-COLA CO
3153,COEUR MINING INC
3157,COHERENT INC
3158,COHU INC
3170,COLGATE-PALMOLIVE CO
3172,COLLAGEN AESTHETIC INC
3206,COLUMBIA ENERGY GROUP
3216,COMAIR HOLDINGS INC
3221,AON PLC
3226,COMCAST CORP
3230,COMDISCO HOLDING CO INC
3231,COMERICA INC
3243,CITIGROUP INC
3246,COMMERCIAL METALS
3255,UNICOM CORP
3265,COMMONWLTH TELE ENTER
3273,COMSAT CORP  -SER 1
3276,TRANSITIONAL HOSPITALS CP
3278,AVIS BUDGET GROUP INC
3282,COMPAQ COMPUTER CORP
3289,COMPRESSION LABS
3310,CA INC
3333,ARTESYN TECHNOLOGIES INC
3336,DXC TECHNOLOGY CO
3342,COMPUTER TASK GROUP INC
3358,COMTECH TELECOMMUN
3362,CONAGRA BRANDS INC
3373,CONCORD EFS INC
3413,CONSOLIDATED EDISON INC
3416,CON-WAY INC
3419,CONSOLIDATED NATURAL GAS CO
3422,CONSOLIDATED PAPERS INC
3424,BIGLARI HOLDINGS INC
3426,CONRAIL INC
3439,CMS ENERGY CORP
3444,CONSUMERS WATER CO
3459,CONTINENTAL CORP
3463,CONTINENTAL BANK CORP
3478,CONTINUUM INC
3480,CERIDIAN CORP
3491,BLOCKBUSTER ENMNT CORP
3497,COOPER INDUSTRIES PLC
3502,COOPER TIRE & RUBBER CO
3504,COOPER COS INC (THE)
3505,MOLSON COORS BEVERAGE CO
3520,CORDIS CORP
3524,CORE INDUSTRIES INC
3527,CORESTATES FINANCIAL CORP
3532,CORNING INC
3555,COUNTRYWIDE FINANCIAL CORP
3570,CRACKER BARREL OLD CTRY STOR
3580,CRANE HOLDINGS CO
3586,CRAY RESEARCH
3607,CHEMTURA CORP
3612,COSTA INC   -CL A
3619,CROWN HOLDINGS INC
3643,CULLEN/FROST BANKERS INC
3650,CUMMINS INC
3662,CURTISS-WRIGHT CORP
3705,DSC COMMUNICATIONS CORP
3707,DST SYSTEMS INC
3708,WENDY'S CO
3734,DANA INC
3735,DANAHER CORP
3736,DANIEL INDUSTRIES
3760,DATA GENERAL CORP
3786,DATASCOPE CORP
3799,DAUPHIN DEPOSIT CORP
3813,TARGET CORP
3814,DPL INC
3821,DEAN FOODS CO  -OLD
3835,DEERE & CO
3848,CONECTIV INC
3851,DELTA AIR LINES INC
3863,DELUXE CORP
3878,DEPOSIT GUARANTY CORP
3897,DTE ENERGY CO
3905,ADTALEM GLOBAL EDUCATION INC
3911,DEXTER CORP
3917,DIAGNOSTIC PRODUCTS CORP
3918,DRS TECHNOLOGIES INC
3936,DIAGNOSTEK INC
3937,PYXUS INTERNATIONAL INC
3946,DIEBOLD NIXDORF INC
3949,VERITAS DGC INC
3955,DIGITAL EQUIPMENT
3964,DILLARDS INC  -CL A
3969,DIODES INC
3971,DIONEX CORP
3980,DISNEY (WALT) CO
4001,DIXIE GROUP INC
4016,DOLLAR GENERAL CORP
4029,DOMINION ENERGY INC
4036,DONALDSON CO INC
4040,DONNELLEY (R R) & SONS CO
4058,DOVER CORP
4060,DUPONT DE NEMOURS INC
4062,DOW JONES & CO INC
4065,DOWNEY FINANCIAL CORP
4066,OMNICOM GROUP INC
4069,DRAVO CORP
4072,ASCENA RETAIL GROUP INC
4073,DRESSER INDUSTRIES INC
4078,DREYER'S GRAND ICE CRM HLDGS
4087,DU PONT (E I) DE NEMOURS
4093,DUKE ENERGY CORP
4094,DUN & BRADSTREET HOLDNGS INC
4100,LEGENT CORP
4103,DUQUESNE LIGHT HOLDINGS INC
4108,FLOWSERVE CORP
4115,DYCOM INDUSTRIES INC
4132,ACTERNA CORP
4145,PERKINELMER INC
4159,E-SYSTEMS INC
4189,EASTERN ENTERPRISES
4194,EASTMAN KODAK CO
4199,EATON CORP PLC
4201,EATON VANCE CORP
4204,ECHLIN INC
4205,ECHO BAY MINES LTD
4213,ECOLAB INC
4218,EDISON BROTHERS STORES
4222,EDO CORP
4241,EL PASO ELECTRIC CO
4242,EL PASO CORP
4251,ELKCORP
4274,ELECTRO SCIENTIFIC INDS INC
4321,EMERSON ELECTRIC CO
4340,EMULEX CORP
4351,ENERGEN CORP
4367,WEATHERFORD INTL PLC
4371,ENGELHARD CORP
4383,ATMOS ENERGY CORP
4390,ENNIS INC
4393,TXU GAS CO
4401,ENTERRA CORP -OLD
4418,ENZO BIOCHEM INC
4423,EQUIFAX INC
4430,EQT CORP
4443,OHM CORP
4460,ESTERLINE TECHNOLOGIES CORP
4462,NEWMARKET CORP
4476,EXAR CORP
4494,EXPEDITORS INTL WASH INC
4498,INSTEEL INDUSTRIES
4503,EXXON MOBIL CORP
4510,FMC CORP
4517,NEXTERA ENERGY INC
4523,JO-ANN STORES INC
4560,FAMILY DOLLAR STORES
4592,FAYS INC
4595,FEDDERS CORP
4598,FEDEX CORP
4600,FEDERAL-MOGUL HOLDINGS CORP
4601,FEDERAL NATIONAL MORTGA ASSN
4603,FEDERAL PAPER BOARD CO
4608,FEDERAL SIGNAL CORP
4611,MACY'S INC
4622,FERRO CORP
4635,FIELDCREST CANNON
4640,FIFTH THIRD BANCORP
4641,SCOTT TECHNOLOGIES INC
4674,REGIONS FINANCIAL CORP
4675,INAMED CORP
4678,FIRSTMERIT CORP
4679,FIRST AMERICAN CORP/TN
4680,FIRST OF AMERICA BANK CORP
4682,U S BANCORP/DE-OLD
4689,FIRST CHICAGO CORP
4699,M & T BANK CORP
4700,FIRST FIDELITY BANCORP
4703,FIRST FINANCIAL MGMT CORP
4708,BANCWEST CORP
4710,FIRST INTERSTATE BNCP
4719,CHEMFIRST INC
4723,US BANCORP
4736,FIRST SECURITY CORP/DE
4737,FIRST HORIZON CORP
4739,WACHOVIA CORP
4742,FIRST VIRGINIA BANKS INC
4743,FIRSTAR CORP-OLD
4764,FLEETBOSTON FINANCIAL CORP
4768,FLEETWOOD ENTERPRISES INC
4769,FLEMING COMPANIES INC
4802,FLORIDA ROCK INDUSTRIES INC
4807,FLOW INTL CORP
4809,FLOWERS FOODS INC
4817,FLUKE CORP
4818,FLUOR CORP
4834,TRUE NORTH COMMUNICATIONS
4836,FOOTHILL GROUP INC  -CL A
4839,FORD MOTOR CO
4843,FOREST LABORATORIES  -CL A
4844,FOREST OIL CORP -OLD
4847,SWISS ARMY BRANDS INC
4864,FOSTER WHEELER AG
4885,FRANKLIN RESOURCES INC
4895,FREEPORT MCMORAN INC
4918,FROZEN FOOD EXPRESS INDS
4926,FULLER (H. B.) CO
4936,G&K SERVICES INC  -CL A
4941,GATX CORP
4961,GTE CORP
4973,ARTHUR J GALLAGHER & CO
4975,GALOOB TOYS INC
4988,TEGNA INC
4990,GAP INC
5018,AEROJET ROCKETDYNE HOLDINGS
5020,GENENTECH INC
5038,HARCOURT GENERAL INC
5046,GENERAL DYNAMICS CORP
5047,GENERAL ELECTRIC CO
5063,GENERAL INSTRUMENT CORP
5071,GENERAL MILLS INC
5073,GENERAL MOTORS CO
5074,ELECTRONIC DATA SYSTEMS CORP
5079,GPU INC
5080,GENERAL RE CORP
5087,SPX CORP
5109,GENESCO INC
5116,GENTEX CORP
5125,GENUINE PARTS CO
5134,GEORGIA-PACIFIC CORP
5142,GERBER SCIENTIFIC INC
5151,GIANT FOOD INC  -CL A
5161,GIBSON GREETINGS INC
5169,GILLETTE CO
5179,GLATFELTER CORP
5187,GLOBALSANTAFE CORP
5211,MIRAGE RESORTS INC
5216,GOLDEN WEST FINANCIAL CORP
5229,GOODRICH CORP
5234,GOODYEAR TIRE & RUBBER CO
5247,GOULDS PUMPS INC
5250,GRACE (W R) & CO
5252,GRACO INC
5256,GRAINGER (W W) INC
5301,GREAT ATLANTIC & PAC TEA CO
5306,GREAT LAKES CHEMICAL CORP
5321,GREAT WESTERN FINANCIAL
5330,GREEN MOUNTAIN POWER CORP
5331,CONSECO FINANCE CORP
5342,MONEYGRAM INTERNATIONAL INC
5377,GUILFORD MILLS INC
5399,HBO & CO
5417,HUDSON UNITED BANCORP
5420,HADCO CORP
5439,HALLIBURTON CO
5458,HANDLEMAN CO
5460,HANDY & HARMAN
5464,HANNA (M A) CO
5465,HANNAFORD BROTHERS CO
5476,HARLAND (JOHN H.) CO
5485,CIRCLE INTERNATIONAL GRP INC
5492,L3HARRIS TECHNOLOGIES INC
5496,HARSCO CORP
5501,SHAWMUT NATIONAL CORP
5503,HSB GROUP INC
5505,HARTMARX CORP
5518,HASBRO INC
5523,HAVERTY FURNITURE
5526,HAWAIIAN ELECTRIC INDS
5539,HEALTHCARE SERVICES GROUP
5558,HECHINGER CO  -CL A
5560,HECLA MINING CO
5564,HEILIG-MEYERS CO
5568,KRAFT HEINZ CO
5574,HELENE CURTIS INDS
5578,HELIX TECHNOLOGY CORP
5581,HELMERICH & PAYNE
5589,HERCULES INC
5597,HERSHEY CO
5606,HP INC
5619,HIBERNIA CORP  -CL A
5639,HILL-ROM HOLDINGS INC
5643,HILTON WORLDWIDE HOLDINGS
5671,PINNACLE ENTERTAINMENT INC
5680,HOME DEPOT INC
5686,HOMESTAKE MINING
5690,HNI CORP
5693,HONEYWELL INC
5697,HOOPER HOLMES INC
5709,HORMEL FOODS CORP
5723,STARWOOD HOTELS&RESORTS WRLD
5726,HOUGHTON MIFFLIN CO
5735,HSBC FINANCE CORP
5742,CENTERPOINT ENERGY INC
5750,HOVNANIAN ENTRPRS INC  -CL A
5764,HUBBELL INC
5772,HUFFY CORP
5774,HUGHES SUPPLY INC
5783,HUNT (JB) TRANSPRT SVCS INC
5786,HUNTINGTON BANCSHARES
5791,HUTCHINSON TECHNOLOGY INC
5803,AQUARION CO
5824,PEPSIAMERICAS INC
5848,IBP INC
5860,ITT INC
5862,RAYONIER INC
5870,IDACORP INC
5877,ILLINOVA CORP
5878,ILLINOIS TOOL WORKS
5885,IMMUNEX CORP
5905,INCO LTD
5918,VECTREN CORP
5959,TRANE TECHNOLOGIES PLC
5961,INFORMATION RESOURCES INC
5968,RYERSON HOLDING CORP
5973,INNOVEX INC
5978,AEGION CORP
5987,GRIFFON CORP
6003,INTEGRATED DEVICE TECH INC
6008,INTEL CORP
6019,DAIN RAUSCHER CORP
6020,INTER-TEL INC  -SER A
6025,FURNITURE BRANDS INTL INC
6034,INTERFACE INC
6036,INTERGRAPH CORP
6039,INTERMAGNETICS GENERAL CORP
6044,INTERMET CORP
6062,AMERICAN BANKNOTE CORP
6066,INTL BUSINESS MACHINES CORP
6074,INTL DAIRY QUEEN  -CL A
6078,INTL FLAVORS & FRAGRANCES
6081,NAVISTAR INTERNATIONAL CORP
6096,MALLINCKRODT INC
6097,INTL GAME TECHNOLOGY
6102,INTL MULTIFOODS CORP
6104,INTL PAPER CO
6109,INTL RECTIFIER CORP
6121,IT GROUP INC
6125,INTL LOTTERY & TOTALIZATOR
6127,ENRON CORP
6136,INTERPUBLIC GROUP OF COS
6140,INTERSTATE BAKERIES CORP
6152,INTERVOICE INC
6158,INVACARE CORP
6169,IOMEGA CORP
6171,IONICS INC
6178,IPALCO ENTERPRISES INC
6196,ANIXTER INTL INC
6207,JLG INDUSTRIES INC
6216,JACOBS ENGINEERING GROUP INC
6223,EMCOR GROUP INC
6226,FORT JAMES CORP
6239,JEFFERIES GROUP LLC
6241,JEFFERSON-PILOT CORP
6242,SMURFIT-STONE CONTAINER CORP
6266,JOHNSON & JOHNSON
6268,JOHNSON CONTROLS INTL PLC
6272,JOHNSTON INDUSTRIES/DE
6288,JOSTENS INC
6297,JUNO LIGHTING INC
6301,JUSTIN INDUSTRIES
6304,KLA CORP
6307,SEARS HOLDINGS CORP
6310,KINDER MORGAN INC
6326,KAMAN CORP
6334,GREAT PLAINS ENERGY INC
6335,KANSAS CITY SOUTHERN
6338,EVERGY INC
6346,CKE RESTAURANTS INC
6347,WASHINGTON GROUP INTL INC
6351,SUNAMERICA INC
6357,KAYDON CORP
6362,KEANE INC
6370,KEITHLEY INSTRUMENTS INC
6375,KELLOGG CO
6376,KELLWOOD CO
6379,KELLY SERVICES INC  -CL A
6386,KENNAMETAL INC
6403,KERR-MCGEE CORP
6427,KEYSTONE INTERNATIONAL
6435,KIMBERLY-CLARK CORP
6450,KING WORLD PRODUCTIONS INC
6461,KIRBY CORP
6475,KNIGHT-RIDDER INC
6502,KROGER CO
6507,KUHLMAN CORP
6509,KULICKE & SOFFA INDUSTRIES
6513,KYSOR INDUSTRIAL CORP
6528,LSB INDUSTRIES INC
6529,LSI CORP
6532,XCERRA CORP
6543,LA-Z-BOY INC
6547,SPIRE INC
6557,LAIDLAW INTERNATIONAL INC
6565,LAM RESEARCH CORP
6573,LANCASTER COLONY CORP
6574,SNYDERS-LANCE INC
6617,DISTRIBUTION SOLUTIO GRO INC
6618,LAWTER INTERNATIONAL INC
6639,LEE ENTERPRISES INC
6649,LEGGETT & PLATT INC
6653,LEGG MASON INC
6661,4LICENSING CORP
6669,LENNAR CORP
6682,JEFFERIES FINANCIAL GRP INC
6701,AEROQUIP-VICKERS INC
6730,LILLY (ELI) & CO
6731,LILLY INDS INC  -CL A
6733,BATH & BODY WORKS INC
6736,AMRESCO INC
6737,LINCOLN ELECTRIC HLDGS INC
6742,LINCOLN NATIONAL CORP
6743,ALIANT COMMUNICATIONS INC
6765,LITTON INDUSTRIES INC
6768,KATE SPADE & CO
6774,LOCKHEED MARTIN CORP
6776,LOCTITE CORP
6781,LOEWS CORP
6785,LOGICON INC
6796,LONE STAR INDUSTRIES
6797,LONE STAR TECHNOLOGIES
6799,KEYSPAN CORP
6802,LONGS DRUG STORES CORP
6807,LORAL CORP
6815,LOTUS DEVELOPMENT CORP
6819,LOUISIANA LAND & EXPLORATION
6821,LOUISIANA-PACIFIC CORP
6825,LG&E ENERGY CORP
6829,LOWE'S COS INC
6830,LUBRIZOL CORP
6831,LUBYS INC
6836,LUFKIN INDUSTRIES INC
6837,LUKENS INC
6845,LYDALL INC
6864,MCI COMMUNICATIONS
6865,MDC HOLDINGS INC
6867,MDU RESOURCES GROUP INC
6873,MAXXAM INC
6900,MTS SYSTEMS CORP
6908,MACDERMID INC
6944,MAGMA POWER CO
6994,MANITOWOC CO
6998,MANOR CARE INC-OLD
7008,MAPCO INC
7017,MARATHON OIL CORP
7045,MARK IV INDUSTRIES INC
7065,MARSH & MCLENNAN COS
7067,MARSHALL & ILSLEY CORP
7070,MARSHALL INDUSTRIES
7077,MARTIN MARIETTA CORP
7085,MASCO CORP
7086,METALDYNE CORP
7099,VARITY CORP
7107,MATERIAL SCIENCES CORP
7116,MATTEL INC
7123,MAXTOR CORP
7127,MAY DEPARTMENT STORES CO
7139,MAYTAG CORP
7146,MCCORMICK & CO INC
7152,MCDERMOTT INTL INC
7154,MCDONALD'S CORP
7155,MCDONNELL DOUGLAS CORP
7163,S&P GLOBAL INC
7171,MCKESSON CORP
7180,MEAD CORP
7182,MEASUREX CORP
7186,MEDCO HEALTH SOLUTIONS INC
7203,MEDIA GENERAL INC  -OLD
7206,MEDICAL CARE AMERICA
7213,MEDICINE SHOPPE INTL INC
7228,MEDTRONIC PLC
7229,MEDUSA CORP
7238,MELLON FINANCIAL CORP
7241,CVS HEALTH CORP
7250,MENTOR CORP
7251,MENTOR GRAPHICS CORP
7252,MERCANTILE BANCORPORATION
7253,MERCANTILE BANKSHARES CORP
7254,MERCANTILE STORES CO INC
7257,MERCK & CO
7260,MEREDITH CORP
7261,MERIDIAN BANCORP INC
7267,MERRILL LYNCH & CO INC
7276,MESA INC
7291,METHODE ELECTRONICS INC
7316,MICHAELS COS INC
7319,MCN ENERGY GROUP INC
7331,MICROS SYSTEMS INC
7343,MICRON TECHNOLOGY INC
7346,MICROSEMI CORP
7366,ENTERGY CORP
7380,MIDAMERICAN ENERGY HLDG-OLD
7401,MILLERKNOLL INC
7406,INTL FIBERCOM INC
7409,MILLIPORE CORP
7420,MSA SAFETY INC
7435,3M CO
7437,ALLETE INC
7448,MISSISSIPPI CHEMICAL CORP
7475,MOBIL CORP
7486,MODINE MANUFACTURING CO
7503,MOLECULAR BIOSYSTEMS INC
7504,MGI PHARMA INC
7506,MOLEX INC
7536,PHARMACIA CORP
7537,MONTANA POWER CO
7549,MOOG INC  -CL A
7553,WEST ONE BANCORP
7554,MOORE WALLACE INC
7562,MORGAN (J P) & CO
7566,RUBY TUESDAY INC
7567,MORRISON KNUDSEN CORP OLD
7574,CORDANT TECHNOLOGIES INC
7578,MOSINEE PAPER CORP
7585,MOTOROLA SOLUTIONS INC
7609,MULTIMEDIA INC
7620,MURPHY OIL CORP
7636,MYERS INDUSTRIES INC
7637,VIATRIS INC
7647,BANK OF AMERICA CORP
7648,NCR CORP
7650,FIRST CHICAGO NBD CORP
7672,NORTHWEST AIRLINES CORP
7679,NALCO CHEMICAL CO
7691,NASH FINCH CO
7692,NASHUA CORP
7711,NATIONAL CITY CORP
7718,NATIONAL COMPUTER SYS INC
7723,NDCHEALTH CORP
7727,NATIONAL EDUCATION CORP
7733,NATIONAL FUEL GAS CO
7745,AVATEX CORP
7750,TENET HEALTHCARE CORP
7761,NPC RESTAURANT HOLDINGS LLC
7772,NATIONAL SEMICONDUCTOR CORP
7773,NATIONAL SERVICE INDS INC
7798,NBTY INC
7799,NATURES SUNSHINE PRODS INC
7809,NELSON (THOMAS) INC
7821,NETWORK SYSTEMS CORP
7824,NV ENERGY INC
7835,NEW ENGLAND BUSINESS SVC INC
7849,NEW JERSEY RESOURCES CORP
7852,NEW PLAN EXCEL REALTY TR
7862,ENERGY EAST CORP
7866,NEW YORK TIMES CO  -CL A
7875,NEWELL BRANDS INC
7881,NEWMONT CORP
7883,NEWPORT CORP
7892,NIAGARA MOHAWK HOLDINGS INC
7904,NICOR INC
7906,NIKE INC  -CL B
7912,NOBLE ENERGY INC
7921,NORDSON CORP
7922,NORDSTROM INC
7923,NORFOLK SOUTHERN CORP
7970,EVERSOURCE ENERGY
7974,NISOURCE INC
7977,XCEL ENERGY INC
7980,NORTEL NETWORKS CORP
7982,NORTHERN TRUST CORP
7985,NORTHROP GRUMMAN CORP
7993,NORTHWEST NATURAL HLDNG CO
8000,RELIASTAR FINANCIAL CORP
8001,NORTHWESTERN CORP
8003,NORTHWESTERN STL&WIRE
8007,WELLS FARGO & CO
8015,U S FILTER CORP
8030,NUCOR CORP
8044,NYNEX CORP
8046,OEA INC
8049,REMINGTON OIL&GAS CP  -CL B
8062,OAK INDUSTRIES INC
8067,OAKWOOD HOMES CORP
8068,OCCIDENTAL PETROLEUM CORP
8079,OCEANEERING INTERNATIONAL
8092,BRISTOW GROUP INC
8093,COVANTA ENERGY CORP
8099,FIRSTENERGY CORP
8113,OGE ENERGY CORP
8118,OLD KENT FINANCIAL CORP
8123,OLIN CORP
8128,OLSTEN CORP
8133,OMNICARE INC
8151,ONEOK INC
8186,ORION CAPITAL CORP
8193,OSHKOSH B'GOSH INC  -CL A
8197,O'SULLIVAN CORP
8202,OUTBOARD MARINE CORP
8210,OVERSEAS SHIPHOLDING GROUP
8213,OWENS & MINOR INC
8214,OWENS CORNING
8215,O-I GLASS INC
8219,OXFORD INDUSTRIES INC
8240,PHH CORP
8245,PNC FINANCIAL SVCS GROUP INC
8247,PPG INDUSTRIES INC
8253,PACCAR INC
8264,PG&E CORP
8272,SEMPRA ENERGY
8280,PACIFIC SCIENTIFIC CO
8286,PACIFIC TELESIS GROUP
8290,PACIFICORP
8293,PAXAR CORP
8299,PAINE WEBBER GROUP
8304,PALL CORP
8325,PANENERGY CORP
8333,PAR PHARMACEUTCL HLDGS -REDH
8348,PARK AEROSPACE CORP
8357,PARKER DRILLING CO
8358,PARKER-HANNIFIN CORP
8402,PAYCHEX INC
8404,PAYLESS CASHWAYS
8431,AMERICAN FINANCIAL GROUP INC
8440,RANGER OIL CORPORATION
8446,OLD COPPER CO INC
8452,PENNSYLVANIA ENTERPRISES INC
8455,PPL CORP
8463,PENTAIR PLC
8468,PENNZENERGY CO
8470,PEOPLES ENERGY CORP
8475,PEP BOYS-MANNY MOE & JACK
8479,PEPSICO INC
8488,APPLIED BIOSYSTEMS INC
8512,PDC ENERGY INC
8530,PFIZER INC
8536,PHELPS DODGE CORP
8539,EXELON CORP
8542,ESSENTIAL UTILITIES INC
8543,ALTRIA GROUP INC
8549,CONOCOPHILLIPS
8551,PVH CORP
8570,MACFRUGALS BARGAINS
8579,PIER 1 IMPORTS INC/DE
8595,PIONEER GROUP INC
8596,PIONEER HI-BRED INTERNATIONL
8599,AGILYSYS INC
8605,PIPER SANDLER COS
8606,PITNEY BOWES INC
8617,PITTSTON CO-CONSOLIDATED
8626,PLACER DOME INC
8627,PLAINS RESOURCES INC
8633,PLANTRONICS INC
8647,PLY-GEM INDUSTRIES
8655,POGO PRODUCING CO
8657,PRIMARY PDC INC
8658,MYND CORP
8675,POPE & TALBOT INC
8687,POSSIS MEDICAL INC
8692,POTLATCHDELTIC CORP
8694,PEPCO HOLDINGS INC
8716,PREPAID LEGAL SERVICES INC
8717,PRECISION CASTPARTS CORP
8745,PRICE COMMUNICATIONS CORP
8750,PRIME HOSPITALITY CORP
8755,PRIMA ENERGY CORP
8762,PROCTER & GAMBLE CO
8787,ARCHSTONE INC-REDH
8789,PROTECTIVE LIFE CORP
8794,PROVIDENT COS INC
8804,NEW CENTURY ENERGIES INC
8807,PNM RESOURCES INC
8808,PUBLIC SERVICE CO OF N C
8810,PUBLIC SERVICE ENTRP GRP INC
8818,PUGET ENERGY INC
8823,PULTEGROUP INC
8829,PURITAN-BENNETT CORP
8850,QUAKER HOUGHTON
8852,QUAKER OATS CO
8853,QUAKER STATE CORP
8858,NEXTGEN HEALTHCARE INC
8859,QUANEX CORP
8867,QUANTUM CORP
8872,ADV NEUROMODULATION SYS INC
8873,QUESTAR CORP
8877,QUICK & REILLY GROUP INC
8902,RPM INTERNATIONAL INC
8912,ROLLINS TRUCK LEASING
8948,RANGER OIL LTD
8960,RAYCHEM CORP
8972,RAYTHEON CO
9004,REEBOK INTERNATIONAL LTD
9016,REGAL REXNORD CORPORATION
9023,REGIS CORP/MN
9058,REPUBLIC GROUP INC
9063,AUTONATION INC
9069,AQUA ALLIANCE INC  -CL A
9112,REYNOLDS & REYNOLDS  -CL A
9113,NABISCO GROUP HOLDINGS CORP
9114,REYNOLDS METALS CO
9142,RIGGS NATIONAL CORP
9155,RITE AID CORP
9168,CALIBER SYSTEMS INC
9173,ROBBINS & MYERS INC
9191,ACUITY CIMATRIX INC
9194,RGS ENERGY GROUP INC
9195,FRONTIER CORP
9203,ROCKWELL AUTOMATION
9216,ROGERS CORP
9217,ROHM AND HAAS CO
9218,ROHR INC
9224,SAFETY-KLEEN CORP
9225,ROLLINS INC
9236,RHONE-POULENC RORER
9248,ROSS STORES INC
9256,ROUSE PROPERTIES INC
9258,ROWAN COMPANIES LTD
9280,RUBBERMAID INC
9284,HARRIS TEETER SUPERMARKETS
9289,KID BRANDS INC
9293,RUSSELL CORP
9298,RYAN'S RESTAURANT GROUP INC
9299,RYDER SYSTEM INC
9301,RYKOFF-SEXTON INC
9302,RYLAND GROUP INC
9308,HARMON INDUSTRIES INC
9313,SCI SYSTEMS INC
9332,SPS TECHNOLOGIES INC
9340,VALEANT PHARMACEUTICALS -OLD
9350,IDEON GROUP INC
9351,SAFECO CORP
9355,SAFEGUARD SCIENTIFICS INC
9357,SAFETY-KLEEN CORP-OLD
9359,SAFEWAY INC
9372,ST JUDE MEDICAL INC
9380,ST PAUL COS
9392,ENOVA CORP
9406,SANTA FE SNYDER CORP
9408,SANTA FE PACIFIC CORP
9411,HILLSHIRE BRANDS CO
9441,SBARRO INC
9445,SCANA CORP
9458,SCHERER (R P)/DE
9459,SCHERING-PLOUGH
9465,SCHLUMBERGER LTD
9466,SCHOLASTIC CORP
9472,SCHULMAN (A.) INC
9477,SCIMED LIFE SYSTEMS INC
9483,SCIENTIFIC-ATLANTA INC
9514,SCOTT PAPER CO
9545,SEAGATE TECHNOLOGY-OLD
9548,SEAGRAM CO LTD
9549,OCEAN ENERGY INC
9556,SPX CORP-OLD
9563,SEARS ROEBUCK & CO
9589,SEITEL INC
9599,SEMTECH CORP
9602,SENSORMATIC ELECTRONICS
9611,SERVICE CORP INTERNATIONAL
9612,SERVICE MERCHANDISE CO
9613,SERVICEMASTER CO
9635,SHARED MEDICAL SYSTEMS CORP
9643,SHAW INDUSTRIES INC
9667,SHERWIN-WILLIAMS CO
9673,SHONEY'S INC
9682,SHOWBOAT INC
9689,SIERRA HEALTH SERVICES
9692,SIERRA PACIFIC RES-OLD
9699,SIGMA-ALDRICH CORP
9715,SYMMETRICOM INC
9718,SILICON VALLEY GROUP INC
9742,SIMPSON INDUSTRIES
9771,SMITH (A.O.)
9772,SMITH INTERNATIONAL INC
9774,SMITHFIELD FOODS INC
9777,SMUCKER (JM) CO
9778,SNAP-ON INC
9783,KEYCORP
9810,SONAT INC
9815,SONOCO PRODUCTS CO
9837,SOUTHDOWN INC
9846,EDISON INTERNATIONAL
9849,AMERICAN STATES WATER CO
9850,SOUTHERN CO
9861,SOUTHERN NEW ENG TELECOMM
9867,SOUTHERN UNION CO
9880,SOUTHTRUST CORP
9882,SOUTHWEST AIRLINES
9890,SOUTHWEST GAS HOLDINGS INC
9899,AT&T INC
9904,SOUTHWESTERN ENERGY CO
9906,SOUTHWESTERN PUBLIC SVC CO
9919,THE SHYFT GROUP INC
9963,SPRINGS INDUSTRIES  -CL A
9999,STANDARD MICROSYSTEMS CORP
10000,STANDARD MOTOR PRODS
10002,CALATLANTIC GROUP INC
10004,STANDARD PRODUCTS CO
10005,STANDARD REGISTER CO
10008,STANDEX INTERNATIONAL CORP
10013,ENESCO GROUP INC
10016,STANLEY BLACK & DECKER INC
10033,NAUTICA ENTERPRISES INC
10035,STATE STREET CORP
10044,STEEL TECHNOLOGIES INC
10071,STERLING SOFTWARE INC
10085,STEWART & STEVENSON SERVICES
10086,STEWART INFORMATION SERVICES
10092,STONE & WEBSTER INC
10093,STONE CONTAINER CORP
10096,PUBLIC STORAGE
10097,STORAGE TECHNOLOGY CP
10107,STRATUS COMPUTER INC
10109,STRIDE RITE CORP
10115,STRYKER CORP
10121,NAVIENT CORP
10142,SUMMIT BANCORPORATION
10150,SEQUA CORP  -CL A
10156,SUNOCO INC
10163,SUNDSTRAND CORP
10174,SUNSHINE MINING & REFINING
10185,SUNRISE MEDICAL INC
10187,SUNTRUST BANKS INC
10190,SUPERVALU INC
10195,SUPERIOR INDUSTRIES INTL
10200,SUPERTEX INC
10208,SURGICAL CARE AFFILIATES-OLD
10221,SILVERBOW RESOURCES INC
10232,SYMBOL TECHNOLOGIES
10238,SYNCOR INTL CORP/DE
10247,SYSCO CORP
10252,SYSTEMS & COMPUTER TECH CORP
10266,TBC CORP
10270,TCA CABLE TV INC
10271,TCBY ENTERPRISES INC
10277,TECO ENERGY INC
10301,TRW INC
10326,TAMBRANDS INC
10329,TANDEM COMPUTERS INC
10331,BOMBAY CO INC
10332,RS LEGACY CORP
10391,TEKTRONIX INC
10393,TELE-COMM TCI GROUP  -SER A
10399,TPI ENTERPRISES INC
10405,ALLEGHENY TECHNOLOGIES INC
10407,TELEFLEX INC
10411,TELEPHONE & DATA SYSTEMS INC
10420,TELLABS INC
10422,TELXON CORP
10426,TEMPLE-INLAND INC
10443,TENNECO INC
10453,TERADYNE INC
10482,TEXACO INC
10498,TEXAS INDUSTRIES INC
10499,TEXAS INSTRUMENTS INC
10501,PHOENIX RESOURCE COS
10519,TEXTRON INC
10530,THERMO FISHER SCIENTIFIC INC
10540,THOMAS & BETTS CORP
10541,THOMAS INDUSTRIES INC
10553,3COM CORP
10565,TIDEWATER INC
10567,SIX FLAGS ENTERTAINMENT CORP
10576,TIME WARNER INC-OLD
10580,TIMES MIRROR CO  -SER A
10581,TIMKEN CO
10588,TITAN CORP
10614,GLOBE LIFE INC
10618,TORO CO
10621,TOSCO CORP
10631,TOTAL SYSTEM SERVICES INC
10639,TOYS R US INC
10640,TRACOR INC
10669,TRANSAMERICA CORP
10726,TRIBUNE MEDIA CO
10735,TRINITY INDUSTRIES INC
10751,TJ INTERNATIONAL INC
10754,TSENG LABORATORIES INC
10757,UNS ENERGY CORP
10764,TULTEX CORP
10787,TYCO INTERNATIONAL PLC
10793,TYSON FOODS INC  -CL A
10795,UNITED AIRLINES HOLDINGS INC
10801,UGI CORP
10813,URS CORP
10815,USF&G CORP
10816,USG CORP
10839,UNIFI INC
10855,UNION CAMP CORP
10857,UNION CARBIDE CORP
10860,AMEREN CORP
10867,UNION PACIFIC CORP
10868,UNION PLANTERS CORP
10877,UNIT CORP
10884,CHIQUITA BRANDS INTL INC
10888,UNITED CITIES GAS CO
10894,UDR INC
10903,UNITEDHEALTH GROUP INC
10905,UIL HOLDINGS CORP
10909,SUMMIT BANCORP
10920,UNITED PARCEL SERVICE INC
10931,U S BANCORP-OLD
10946,US AIRWAYS GROUP INC-OLD
10948,U S HEALTHCARE INC
10950,U S HOME CORP
10969,U S SHOE CORP
10972,U S SURGICAL CORP
10974,UST INC
10978,U S TRUST CORP
10980,U S WEST  -CONSOLIDATED
10981,ESSENDANT INC
10983,RAYTHEON TECHNOLOGIES CORP
10984,SPRINT CORP
10991,LIGHT & WONDER INC
10992,CRESTAR FINANCIAL CORP
10993,UNITED WATER RESOURCES
11001,UNITRODE CORP
11012,SENSIENT TECHNOLOGIES CORP
11017,UNIVERSAL CORP/VA
11032,UNIVERSAL HEALTH SVCS INC
11038,UNOCAL CORP
11040,PHARMACIA & UPJOHN INC
11049,USLIFE CORP
11056,AQUILA INC
11060,VF CORP
11062,VLSI TECHNOLOGY INC
11094,VALMONT INDUSTRIES INC
11096,VALSPAR CORP
11113,VARCO INTERNATIONAL-OLD
11115,VARIAN MEDICAL SYSTEMS INC
11124,VEECO INSTRUMENTS INC
11135,RATIONAL SOFTWARE CORP
11191,VISHAY INTERTECHNOLOGY INC
11213,VOLT INFO SCIENCES INC
11220,VORNADO REALTY TRUST
11228,VULCAN MATERIALS CO
11234,WD-40 CO
11236,WICOR INC
11247,WACHOVIA CORP-OLD
11257,FRONTIER OIL CORP
11259,WALMART INC
11261,WALBRO CORP
11264,WALGREENS BOOTS ALLIANCE INC
11271,WALLACE COMPUTER SVCS INC
11288,WARNER-LAMBERT CO
11295,WASHINGTON ENERGY CO
11296,WGL HOLDINGS INC
11298,WASHINGTON NATIONAL CORP
11304,AVISTA CORP
11306,WASTE MANAGEMENT INC-OLD
11312,WATKINS-JOHNSON
11313,WATSCO INC
11315,WAUSAU PAPER CORP
11323,WEATHERFORD ENTERRA INC
11328,WEBB (DEL E) CORP
11340,WEINGARTEN REALTY INVST
11359,WELLS FARGO & CO -OLD
11366,WENDY'S INTERNATIONAL INC
11396,WESTERN CO OF NO AMER
11399,WESTERN DIGITAL CORP
11429,WESTERN WASTE INDUSTRIES
11436,CBS CORP -OLD
11446,MEADWESTVACO CORP
11450,WESTWOOD ONE INC  -OLD
11456,WEYERHAEUSER CO
11462,HANDY & HARMAN LTD
11465,WHIRLPOOL CORP
11482,WHITNEY HOLDING CORP
11483,WHITTAKER CORP
11499,WILEY (JOHN) & SONS  -CL A
11502,WILLAMETTE INDUSTRIES
11503,REXEL INC
11506,WILLIAMS COS INC
11509,WMS INDUSTRIES INC
11511,WILLIAMS-SONOMA INC
11513,WILMINGTON TRUST CORP
11531,APPLICA INC
11535,WINN-DIXIE STORES INC
11537,WINNEBAGO INDUSTRIES
11550,WEC ENERGY GROUP INC
11554,ALLIANT ENERGY CORP
11555,INTEGRYS HOLDING INC
11558,WISER OIL CO
11559,WITCO CORP
11566,WOLVERINE WORLD WIDE
11580,WOODWARD INC
11584,FOOT LOCKER INC
11600,WORTHINGTON INDUSTRIES
11609,WRIGLEY (WM) JR CO
11614,WYLE ELECTRONICS
11618,WYNN'S INTERNATIONAL INC
11636,XEROX HOLDINGS CORP
11649,YELLOW CORP
11669,ZALE CORP
11672,TJX COS INC (THE)
11678,ZENITH ELECTRONICS CORP
11682,ZERO CORP/DE
11687,ZIONS BANCORPORATION NA
11691,ZURN INDUSTRIES INC
11713,GOODMARK FOODS
11721,OSHKOSH CORP
11748,PENFORD CORP
11778,KEMPER CORP
11793,ALLIANCE PHARMACEUTICAL
11796,LCI INDUSTRIES
11811,HENRY (JACK) & ASSOCIATES
11815,BUFFETS HOLDINGS INC
11818,BEAR STEARNS COMPANIES INC
11833,PLAINS PETROLEUM CO
11842,ASSOCIATED BANC-CORP
11852,KEYSTONE FINANCIAL INC
11856,TRUIST FINANCIAL CORP
11858,UST CORP
11896,FIRST MIDWEST BANCORP INC
11910,NOVELL INC
11914,IMMUCOR INC
11923,ANADARKO PETROLEUM CORP
11925,NOBLE CORPORATION
11944,TUESDAY MORNING CORP
11949,SYNERGEN INC
11966,LAC MINERALS LTD
11971,TYCO TOYS INC
11985,BATTLE MOUNTAIN GOLD CO
11987,ACC CORP
11993,CYPRUS AMAX MINERALS CO
12053,EMC CORP/MA
12120,PYRAMID TECHNOLOGY
12122,GOTTSCHALKS INC
12123,BIG LOTS INC
12124,MORGAN STANLEY
12126,PACIFICARE HEALTH SYSTEMS
12136,SUN MICROSYSTEMS INC
12138,PRICE (T. ROWE) GROUP
12142,ORACLE CORP
12144,SUNGARD DATA SYSTEMS INC
12169,M S CARRIERS INC
12171,TECH DATA CORP
12174,METROPOLITAN FINL CORP/DE
12189,X-RITE INC
12206,DIRECTV
12215,CYPRESS SEMICONDUCTOR CORP
12216,LINEAR TECHNOLOGY CORP
12233,GENZYME CORP
12238,KENT ELECTRONICS CORP
12252,XOMA CORP
12256,STEEL EXCEL INC
12262,ASTEC INDUSTRIES INC
12266,WERNER ENTERPRISES INC
12277,REWARDS NETWORKS INC
12300,MAIL BOXES ETC
12317,HELLER FINANCIAL INC
12338,HEALTH MANAGEMENT ASSOC
12349,CALGENE INC
12352,METRO GOLDWYN MAYER INC
12370,L A GEAR INC
12380,MERRILL CORPORATION
12382,JONES PHARMA INC
12389,HARLEY-DAVIDSON INC
12392,SKYWEST INC
12395,TOLL BROTHERS INC
12397,LIPOSOME CO INC
12403,FREDS INC
12418,COMMNET CELLULAR INC
12424,FLUOR DANIEL/GTI INC
12433,MERIDIAN BIOSCIENCE INC
12437,CELLULAR COMMUN INC  -CL A
12441,GARTNER INC
12445,WATTS WATER TECHNOLOGIES INC
12459,NVR INC
12471,WORLD FUEL SERVICES CORP
12474,LEVITZ FURNITURE INC  -VTG
12515,GOLDEN BOOKS FAMILY ENTMT
12516,BIRMINGHAM STEEL CORP
12540,ADOBE INC
12545,HARTE HANKS INC
12569,ACME METALS INC
12570,ACUSON CORP
12581,MAGNETEK INC
12583,CHIPS & TECHNOLOGIES INC
12587,ASCENTIAL SOFTWARE CORP
12589,ENCOMPASS HEALTH CORP
12603,CNO FINANCIAL GROUP INC
12615,M/I HOMES INC
12631,LANDS END INC -OLD
12633,CORRECTIONS CORP OF AMERICA
12635,FISERV INC
12654,CONVEX COMPUTER CORP
12669,CARMIKE CINEMAS INC
12672,HOME SHOPPING NETWORK
12679,SILICON GRAPHICS INC
12681,MEYER (FRED) INC
12682,ARBOR DRUGS INC
12689,KB HOME
12691,THERAGENICS CORP
12726,UNUM GROUP
12734,LYRIS INC
12756,COCA-COLA EUROPACIFIC PARTNE
12788,HARMAN INTERNATIONAL INDS
12789,LOJACK CORP
12796,CORELOGIC INC
12825,J & J SNACK FOODS CORP
12842,ALLWASTE INC
12850,CERNER CORP
12868,QUIKSILVER INC
12884,COMVERSE TECHNOLOGY INC
12895,AXIALL CORP
12945,PLEXUS CORP
12950,AIRGAS INC
13003,JOY GLOBAL INC
13011,NETWORK EQUIPMENT TECH INC
13025,ADVO INC
13028,PREMARK INTERNATIONAL INC
13031,MUSICLAND STORES CORP
13032,CASH AMERICA INTL INC
13033,COAST SAVINGS FINANCIAL INC
13041,SYNOVUS FINANCIAL CORP
13042,CCB FINANCIAL CORP
13046,DELTA WOODSIDE INDUSTRIES
13053,MAGNA GROUP INC
13054,NATIONAL COMMERCE FINANCIAL
13070,SYSTEM SOFTWARE ASSOC INC
13074,MARK TWAIN BANCSHARES
13075,PROVIDENT FINANCIAL GRP INC
13081,CONTINENTAL HOMES HOLDING CP
13092,JACK IN THE BOX INC
13099,FRUIT OF THE LOOM LTD  -CL A
13114,FIDELITY NATIONAL FINL INC
13125,HEALTHPEAK PROPERTIES INC
13135,YORK INTERNATIONAL CORP
13166,INDYMAC BANCORP INC
13184,CYTRX CORP
13200,PHOTRONICS INC
13204,FISHER SCIENTIFIC INTL INC
13227,LAUREATE EDUCATION INC  -OLD
13229,APPLIED BIOSCIENCE INTL INC
13232,CONTINENTAL MEDICAL SYSTEMS
13241,MESA AIR GROUP INC
13264,IMO INDUSTRIES INC
13282,ORGANOGENESIS INC
13283,MARSAM PHARMACEUTICALS INC
13286,CONCERTO SOFTWARE INC
13292,CASUAL MALE CORP
13308,AGOURON PHARMACEUTICALS INC
13315,SEQUENT COMPUTER SYSTEMS INC
13318,MICHAEL FOODS INC
13326,TOPPS CO INC
13328,C&D TECHNOLOGIES INC
13329,STRATEX NETWORKS INC
13333,NELLCOR PURITAN BENNETT INC
13341,PROGRESSIVE CORP-OHIO
13342,RLI CORP
13354,VOXX INTERNATIONAL CORP
13365,BARR PHARMACEUTICALS INC
13369,KOMAG INC
13372,MICROCOM INC
13374,ATL ULTRASOUND INC
13375,GCI LIBERTY INC -OLD
13380,SAKS INC
13381,DESTINATION XL GROUP INC
13386,WATERHOUSE INVESTORS SVCS
13393,SEQUUS PHARMACEUTICALS INC
13397,FIRST HEALTH GROUP CORP
13406,CALGON CARBON CORP
13407,WELLMAN INC
13421,CADENCE DESIGN SYSTEMS INC
13427,BERKSHIRE HATHAWAY ENERGY CO
13468,MYCOGEN CORP
13474,CNS INC
13486,PLAYERS INTERNATIONAL INC
13498,CARNIVAL CORPORATION & PLC
13500,INTELLIGENT ELECTRONICS INC
13501,MICROAGE INC
13503,ADVANCED MARKETING SERVICES
13510,DUKE REALTY CORP
13525,FILENET CORP
13531,HANCOCK FABRICS INC
13553,SHOREWOOD PACKAGING CORP
13554,TIMBERLAND CO  -CL A
13561,MBIA INC
13584,HORIZON/CMS HEALTHCARE CORP
13587,DIAMOND SHAMROCK INC
13597,ZENITH NATIONAL INSURANCE CP
13600,SUMMIT TECHNOLOGY INC
13608,PICTURETEL CORP
13611,SPECIALTY EQUIPMENT COS INC
13614,NATIONAL DISC BROKERS INC
13623,CONMED CORP
13644,MCCAW CELLULAR COMM  -CL A
13646,TIFFANY & CO
13653,CINEPLEX ODEON
13693,LILLIAN VERNON CORP
13700,DENTSPLY SIRONA INC
13712,ALERIS CORP
13714,PARAMOUNT GLOBAL
13775,SCORE BOARD INC
13779,FHP INTERNATIONAL CORP
13824,FAIR ISAAC CORP
13839,CAMBREX CORP
13842,FACTORY 2-U STORES INC
13853,BALLY TOTAL FITNESS HLDG CP
13866,MAYORS JEWELERS INC/DE
13902,STRUCTURAL DYNAMICS RESEARCH
13941,DALLAS SEMICONDUCTOR CORP
13961,REVCO D.S. INC
13976,RAINBOW TECHNOLOGIES INC
13988,SCHWAB (CHARLES) CORP
13990,WARNACO GROUP INC
14007,NEIMAN MARCUS GROUP INC
14011,GLAMIS GOLD LTD
14014,MAGMA COPPER CO
14084,ALBANY INTL CORP  -CL A
14124,ARCO CHEMICAL CO
14129,FIRSTFED FINANCIAL CORP/CA
14134,DIME BANCORP INC
14152,VONS COMPANIES INC
14171,FIRST COMMERCIAL CORP
14182,AMCOL INTERNATIONAL CORP
14186,GEN-PROBE INC
14201,COLONIAL BANCGROUP
14221,NS GROUP INC
14225,FASTENAL CO
14244,VANGUARD CELLULAR SYS  -CL A
14253,WESTAMERICA BANCORPORATION
14256,MAXIM INTEGRATED PRODUCTS
14264,OCTEL COMMUNICATIONS CORP
14268,BORLAND SOFTWARE CORP
14282,AMPHENOL CORP
14311,POLARIS INC
14324,ALTERA CORP
14359,PIONEER NATURAL RESOURCES CO
14363,IMC GLOBAL INC
14364,RDM SPORTS GROUP INC
14370,MANPOWERGROUP
14377,CONNER PERIPHERALS
14384,OREGON STEEL MILLS INC
14385,RESPIRONICS INC
14405,RICHFOOD HOLDINGS INC
14412,SOTHEBY'S
14418,MGM RESORTS INTERNATIONAL
14446,IVAX CORP
14450,WOLVERINE TUBE INC
14465,GETCHELL GOLD CORP -OLD
14466,HILB ROGAL & HOBBS CO
14470,PLAYTEX PRODUCTS INC
14477,WASTE MANAGEMENT INC
14489,DELL TECHNOLOGIES INC
14505,NBB BANCORP INC
14535,EW SCRIPPS  -CL A
14565,AMERICAN POWER CONVERSION CP
14590,FREEPORT-MCMORAN INC
14623,NOVELLUS SYSTEMS INC
14624,ODP CORP
14626,PHOENIX TECHNOLOGIES LTD
14630,SYNOPTICS COMMUNICATIONS INC
14633,KCS ENERGY INC
14650,BMC SOFTWARE INC
14790,MERITAGE HOMES CORP
14793,ARCH RESOURCES INC
14808,CONCORD CAMERA CORP
14822,BERKLEY (W R) CORP
14824,CINCINNATI FINANCIAL CORP
14827,OHIO CASUALTY CORP
14828,OLD REPUBLIC INTL CORP
14835,KINDERCARE LEARNING CENTERS
14836,ADVANCED TISSUE SCI  -CL A
14854,FIRST BRANDS CORP
14861,LANDMARK GRAPHICS CORP
14878,ORYX ENERGY CO
14881,DEKALB GENETICS CORP  -CL B
14885,STERLING CHEMICALS HLDGS INC
14890,DURACELL INTERNATIONAL
14895,MERISEL INC
14897,VISX INC/DE
14908,PRIDE INTERNATIONAL INC
14918,NOVEN PHARMACEUTICALS INC
14923,KEY PRODUCTION CO INC
14934,DEVON ENERGY CORP
14952,FIBREBOARD CORP
14954,LINDSAY CORP
14960,LABORATORY CP OF AMER HLDGS
15084,BURLINGTON RESOURCES INC
15092,CEC ENTERTAINMENT INC
15106,BECKMAN COULTER INC
15110,LYONDELL CHEMICAL CO
15133,APOGENT TECHNOLOGIES INC
15176,NETWORK GENERAL CORP
15200,BOSTON TECHNOLOGY INC
15202,NORTH FORK BANCORPORATION
15203,NETEGRITY INC
15208,FEDERAL HOME LOAN MORTG CORP
15247,VALERO ENERGY CORP
15248,PRIMARK CORP
15267,IDEX CORP
15290,ARMOR HOLDINGS INC
15291,HARVEST NATURAL RESOURCES
15302,AMERICAN FREIGHTWAYS CORP
15337,EMMIS COMMUNICATIONS CP-CL A
15343,MUELLER INDUSTRIES
15351,PURETEC CORP
15354,ENTERASYS NETWORKS INC
15360,HOUSE2HOME INC
15363,TCF FINANCIAL CORP
15426,MORTON INTERNATIONAL INC
15455,BW/IP INC  -CL A
15458,DUTY FREE INTERNATIONAL INC
15459,TREDEGAR CORP
15487,POOL ENERGY SERVICES CO
15521,STAPLES INC
15708,ALLERGAN INC
15709,PLUM CREEK TIMBER CO INC
15761,SMITH CORONA CORP
15763,VIVRA INC
15855,NORTONLIFELOCK INC
16188,COGNEX CORP
16224,ANCHOR BANCORP INC/NY
16227,COMMERCIAL FEDERAL CORP
16239,ST PAUL BANCORP INC
16243,WASHINGTON MUTUAL INC
16280,WESTCOTT COMMUNICATIONS
16401,CIRRUS LOGIC INC
16454,LECHTERS INC
16456,HANGER INC
16475,GIDDINGS & LEWIS INC/WI
16477,LEAR CORP
16478,EOG RESOURCES INC
16531,ZIX CORP
16573,CENTURA BANKS INC
16597,LATTICE SEMICONDUCTOR CORP
16635,ALLIED GROUP INC
16650,RTI INTL METALS INC
16665,APPLEBEES INTL INC
16681,BBX CAPITAL CORP -OLD
16683,BANKNORTH GROUP INC-OLD
16705,CENTRAL PACIFIC FINANCIAL CP
16710,DIGI INTERNATIONAL INC
16721,ELECTRONIC ARTS INC
16729,MIDGARDXXI INC
16751,CHARTER ONE FINANCIAL INC
16769,CHITTENDEN CORP
16784,COMMERCE BANCORP INC/NJ
16790,COMMUNITY BANK SYSTEM INC
16821,FIRST BANCORP P R
16832,GLACIER BANCORP INC
16835,FIRST FINANCIAL CORP/WI
16846,FIRST MICHIGAN BANK CORP
16878,ELAH HOLDINGS INC
16890,INDEPENDENT BANK CORP/MI
16920,LOYOLA CAPITAL CORP
16932,MARINE DRILLING CO INC
16934,COLLECTIVE BANCORP INC
16936,FRONTIER INSURANCE GROUP INC
16938,GBC BANCORP/CA
16961,HEALTHSOURCE INC
16979,ONBANCORP INC
16991,TD BANKNORTH INC
17007,FIRSTFED MICH CORP
17030,PROVIDENT BANKSHARES CORP
17059,NAC RE CORP
17110,SOLECTRON CORP
17115,SELECTIVE INS GROUP INC
17120,SVB FINANCIAL GROUP
17130,SANTANDER HOLDINGS USA INC
17145,WASHINGTON FEDERAL INC
17150,WEBSTER FINANCIAL CORP
17167,ROOSEVELT FINANCIAL GROUP
17195,FIRST FINL BANCORP INC/OH
17197,GENERAL MOTORS FINL CO INC
17233,SUSQUEHANNA BANCSHARES INC
17239,KINDRED HEALTHCARE INC
17243,TRENWICK GROUP LTD
17245,TRUSTCO BANK CORP/NY
17248,UNITED BANKSHARES INC/WV
17252,UNITED FIRE GROUP INC
17254,HEALTHMARKETS INC
17640,SOUTH FINANCIAL GROUP INC
17764,U S BIOSCIENCE INC
18553,GEOTEK COMMUNICATIONS
18699,PTC INC
18705,WESTERN GAS RESOURCES INC
18928,IRWIN FINANCIAL CORP
19398,DENNYS CORP
19538,STERLING FINANCIAL CORP/WA
19818,NCT GROUP INC
20021,AZTAR CORP
20064,EVERGREEN RESOURCES
20075,MAF BANCORP INC
20158,MID ATLANTIC MEDICAL SVCS
20185,SCOTTS MIRACLE-GRO CO
20192,ROBERTS PHARMACEUTICAL CORP
20194,HAUSER INC
20218,HILLHAVEN CORP/NV
20294,MAXXIM MEDICAL INC
20423,CAESARS ENTERTAINMENT CORP
20548,COTERRA ENERGY INC
20653,DENBURY INC
20779,CISCO SYSTEMS INC
20783,READERS DIGEST ASSN INC
20904,HOLOGIC INC
20907,NORTH AMERICAN VACCINE INC
20993,VARCO INTERNATIONAL INC
21061,DELPHI FINANCIAL GROUP INC
21078,VERIFONE INC
21081,VIKING OFFICE PRODUCTS INC
21186,MEDICIS PHARMACEUT CP  -CL A
21232,NTN BUZZTIME INC
21237,TETRA TECHNOLOGIES INC/DE
21238,VICOR CORP
21244,MATRIA HEALTHCARE INC
21250,SANIFILL INC
21440,LANDSTAR SYSTEM INC
21487,B/E AEROSPACE INC
21491,FINGERHUT COMPANIES INC
21496,ORBITAL SCIENCES CORP
21503,KEMPER CORP/DE
21504,CONE MILLS CORP
21508,ASPECT COMMUNICATIONS CORP
21519,ASHWORTH INC
21659,ORCHESTRA THERAPEUTICS INC
21763,THREE-FIVE SYSTEMS INC
21777,MERIT MEDICAL SYSTEMS INC
21828,ANN INC
22140,ALLIED WASTE INDUSTRIES INC
22205,K-SWISS INC  -CL A
22207,TRUEBLUE INC
22221,PSYCHIATRIC SOLUTIONS INC
22255,SNYDER OIL CORP
22260,HCA HEALTHCARE INC
22262,MID-AMERICAN WASTE SYS INC
22325,XILINX INC
22461,ARCTIC CAT INC
22525,JSB FINANCIAL INC
22532,SWIFT TRANSPORTATION CO INC
22612,WET SEAL INC
22615,FOUNDATION HEALTH CORP
22668,NUEVO ENERGY CO
22794,BJ SERVICES CO
22815,TRIMBLE INC
22829,O'CHARLEY'S INC
22974,VINTAGE PETROLEUM INC
23006,TRANSATLANTIC HOLDINGS INC
23047,GERRITY OIL & GAS CORP
23065,ILLINOIS CENTRAL CORP
23084,BENCHMARK ELECTRONICS INC
23088,VITAL SIGNS INC
23195,MATRIX SERVICE CO
23218,VENTURE STORES INC
23220,ORBITAL ATK INC
23224,ESCO TECHNOLOGIES INC
23252,ETHAN ALLEN INTERIORS INC
23291,BIOLASE INC
23500,CATHAY GENERAL BANCORP
23528,INFOCUS CORP
23592,MBNA CORP
23605,CYGNUS INC
23697,SONIC CORP
23700,ZILOG INC
23714,COMMUNITY HEALTH SYSTEMS INC
23767,ATMEL CORP
23769,WORLDWIDE RESTAURANT CONCEPT
23774,MAVERICK TUBE CORP
23787,AMSCO INTERNATIONAL INC
23793,PS BUSINESS PARKS
23798,PET INC
23809,AUTOZONE INC
23810,ION GEOPHYSICAL CORP
23812,REGENERON PHARMACEUTICALS
23819,LASER VISION CENTERS INC
23826,VALUE HEALTH INC
23877,COVENTRY HEALTH CARE INC
23897,PLATINUM TECHNOLOGY INTL INC
23942,CALDOR CORP
23943,PMC-SIERRA INC
23945,CEPHALON INC
23946,INTEGRATED HEALTH SVCS INC
23969,QUANTUM HEALTH RESOURCES INC
23973,FILENES BASEMENT CORP
23978,UNITED STATES STEEL CORP
23987,CHIPCOM CORP
23988,APRIA HEALTHCARE GROUP INC
24008,MEDIMMUNE INC
24014,HI-LO AUTOMOTIVE INC
24021,HAEMONETICS CORP
24032,JONES GROUP INC
24058,ENVOY CORP
24068,IMMULOGIC PHARMACEUTICAL CP
24069,WISCONSIN CENTRAL TRANSPORTN
24113,PANERA BREAD CO
24184,LABONE INC
24187,NEIGHBORCARE INC
24190,INTEGRATED CIRCUIT SYSTEMS
24197,IDEXX LABS INC
24198,OSTEOTECH INC
24216,AES CORP (THE)
24219,REHABCARE GROUP INC
24220,COR THERAPEUTICS INC
24224,CURATIVE HEALTH SERVICES INC
24287,AMBAC FINANCIAL GROUP INC
24289,OMEGA ENVIRONMENTAL INC
24291,DINE BRANDS GLOBAL INC
24315,TCSI CORP
24316,MONSTER BEVERAGE CORP
24318,XL GROUP LTD
24344,VERTEX PHARMACEUTICALS INC
24345,POWERHOUSE TECHNOLOGIES INC
24352,PROGRESS SOFTWARE CORP
24354,GENETIC THERAPY INC
24357,BAY NETWORKS INC
24379,MGIC INVESTMENT CORP/WI
24381,OXFORD HEALTH PLANS INC
24382,ROYAL APPLIANCE MFG CO
24393,MUTUAL RISK MANAGEMENT LTD
24396,TIVITY HEALTH INC
24397,COMMUNITY FIRST BANKSHARES
24405,ZEBRA TECHNOLOGIES CP  -CL A
24409,SYBASE INC
24415,BMC STOCK HOLDINGS INC
24436,THQ INC
24440,PROASSURANCE CORP
24468,BIOGEN INC
24473,SEPRACOR INC
24474,TECHNOLOGY SOLUTIONS CO
24484,CPX CORP
24486,BARRA INC
24503,LANDAMERICA FINANCIAL GP
24522,SHOPKO STORES INC
24530,GRAND CASINOS INC
24531,PER-SE TECHNOLOGIES INC
24537,SALTON INC
24538,STEWART ENTERPRISES  -CL A
24539,VCA INC
24543,CENTIGRAM COMMUNICATIONS CP
24547,SWS GROUP INC
24548,U S ROBOTICS CORP
24607,MANOR CARE INC
24608,READ-RITE CORP
24621,GOODYS FAMILY CLOTHING INC
24622,HYPERION SOFTWARE CORP
24645,GRANCARE INC
24651,MARQUETTE MEDICAL SYS
24655,GLOBAL MOTORSPORT GROUP INC
24671,CHECKERS DRIVE-IN RESTAURANT
24678,HORACE MANN EDUCATORS CORP
24689,BRADLEY PHARMACEUTICL  -CL A
24704,INSURANCE AUTO AUCTIONS INC
24720,WABASH NATIONAL CORP
24723,BRODERBUND SOFTWARE INC
24725,WORLD ACCEPTANCE CORP/DE
24731,KIMCO REALTY CORP
24743,HOCKEY CO
24779,COMPUSA INC
24782,PERRIGO CO PLC
24783,TETRA TECH INC
24791,SYQUEST TECHNOLOGY INC
24793,VIEWLOGIC SYSTEMS INC
24800,QUALCOMM INC
24803,VITESSE SEMICONDUCTOR CORP
24813,PHARMACEUTICAL MARKETING SVC
24832,SBS TECHNOLOGIES INC
24856,GILEAD SCIENCES INC
24858,PHYCOR INC
24870,NEXTEL COMMUNICATIONS INC
24878,PDL BIOPHARMA INC
24883,NATIONAL RE CORP
24893,WHOLE FOODS MARKET INC
24908,DURA PHARMACEUTICALS INC
24910,INTEGON CORP/DE
24920,ENHANCE FINANCIAL SVCS GRP
24925,ROPER TECHNOLOGIES INC
24926,USF CORP
24931,MARINER HEALTH CARE INC
24948,ACCESS HEALTH INC
24975,SYNOPSYS INC
24977,ABBEY HEALTHCARE GROUP INC
24978,CALLAWAY GOLF CO
24997,DAMES & MOORE GROUP
25000,POLYMEDICA CORP
25021,VALASSIS COMMUNICATIONS INC
25025,LONE STAR STEAKHOUSE SALOON
25047,SCICLONE PHARMACEUTICALS LLC
25056,TIME WARNER INC
25061,FINOVA GROUP INC
25062,LINCARE HOLDINGS INC
25080,BISYS GROUP INC
25096,PROVELL INC  -CL A
25099,CATALINA MARKETING CORP
25108,CHRISTOPHER & BANKS CORP
25110,ICU MEDICAL INC
25111,RARE HOSPITALITY INTL INC
25115,XIRCOM INC
25119,MOHAWK INDUSTRIES INC
25124,LINDE PLC
25130,CORNERSTNE BULDNG BRNDS INC
25154,BELL SPORTS CORP
25155,CAPITAL RE CORP
25157,FIRST DATA CORP
25166,KOPIN CORP
25186,STEIN MART INC
25196,YOUNKERS INC
25202,GALEY & LORD INC
25207,INTL FAMILY ENTERTAIN  -CL B
25216,MEDQUIST INC
25224,VALENCE TECHNOLOGY INC
25243,THERATECH INC UTAH
25279,BOSTON SCIENTIFIC CORP
25283,KOHL'S CORP
25296,NUVEEN INVESTMENTS INC
25313,STERIS PLC
25317,PERSEPTIVE BIOSYSTEMS INC
25323,FIRST USA INC
25326,RIVAL CO
25331,FRANKLIN COVEY CO
25338,BED BATH & BEYOND INC
25340,D R HORTON INC
25341,KRONOS INC
25356,EXPRESS SCRIPTS HOLDING CO
25357,FINISH LINE INC  -CL A
25390,SPACELABS MEDICAL INC
25422,ULTRAMAR DIAMOND SHAMROCK
25431,AUTHENTIC FITNESS
25434,STARBUCKS CORP
25495,DYNEGY INC
25515,NORTH AMERICAN MTG CO
25536,CENTRAL GARDEN & PET CO
25563,STRATACOM INC
25570,ANCHOR BANCORP WISCONSIN INC
25573,AXA FINANCIAL INC
25579,ZOLL MEDICAL CORP
25611,AMERICAN MEDICAL RESPONSE
25622,CONTROL DATA SYSTEMS INC
25631,EPRESENCE INC
25647,GLOBAL INDUSTRIAL TECH INC
25720,JUMBOSPORTS INC
25737,CHEESECAKE FACTORY INC
25747,LITTELFUSE INC
25749,ASGN INC
25777,CARAUSTAR INDUSTRIES INC
25783,MCAFEE INC
25804,FRITZ COS INC
25806,TACO CABANA  -CL A
25807,GTECH HOLDINGS CORP
25844,BROOKTROUT INC
25848,KEMET CORP
25859,EPICOR SOFTWARE CORP -OLD
25860,STERLING BANCSHARES INC/TX
25862,BOOMTOWN INC
25863,CASINO MAGIC CORP
25870,MINERALS TECHNOLOGIES INC
25877,HCC INSURANCE HOLDINGS INC
25878,HA2003 INC
25879,LIFE RE CORP
25895,RADIAN GROUP INC
25896,BOOKS-A-MILLION INC
25944,PEOPLESOFT INC
25956,HS RESOURCES INC
25980,SHFL ENTERTAINMENT INC
25981,FRESH CHOICE INC
25983,MICRO WAREHOUSE INC
25987,HAGGAR CORP
25988,HFS INC
26011,COMPUWARE CORP
26012,BLACK BOX CORP
26013,SM ENERGY CO
26015,TRIDENT MICROSYSTEMS INC
26019,HAYES LEMMERZ INTL INC
26021,SEACOR HOLDINGS INC
26033,CAPITOL AMERICAN FINL CORP
26038,PALOMAR MED TECHNOLOGIES INC
26061,MATCH GROUP INC
26523,NYFIX INC
26905,GENERAL NUTRITION COS  -CL A
27755,PARAGON TRADE BRANDS INC
27760,NAUTILUS INC
27766,WELLPOINT HEALTH NETWRKS INC
27773,NINE WEST GROUP INC
27780,SITE CENTERS CORP
27782,NORAND CORP
27786,CHESAPEAKE ENERGY CORP
27794,WOLFSPEED INC
27810,LIVANOVA PLC
27823,ARTIVION INC
27842,ARGOSY GAMING CO
27845,ALLERGAN PLC
27867,DEAN WITTER DISCOVER & CO
27895,RESOUND CORP
27903,SONICBLUE INC
27914,HUMANA INC
27923,ST JOHN KNITS INTL INC
27925,AVID TECHNOLOGY INC
27928,INTUIT INC
27930,SOUTHERN ENERGY HOMES INC
27937,PACIFIC SUNWEAR CALIF INC
27938,SHOE CARNIVAL INC
27940,WALL DATA INC
27961,AMTROL INC
27965,MICROCHIP TECHNOLOGY INC
27969,TRICORD SYSTEMS INC
27981,CHICOS FAS INC
27985,LIFE PARTNERS GROUP INC
27997,APPLIED SIGNAL TECHNOLOGY
28018,GYMBOREE CORP
28034,CHUBB LTD
28078,NEOWARE INC
28125,NFO WORLDWIDE INC
28130,CAMBRIDGE TECHNOLOGY PARTNER
28139,SANMINA CORP
28145,WIND RIVER SYSTEMS INC
28176,APTARGROUP INC
28180,O'REILLY AUTOMOTIVE INC
28182,ACTION PERFORMANCE COS INC
28194,AVIENT CORP
28195,JABIL INC
28231,BLANCH E W HOLDINGS INC
28250,AMFM INC
28253,AUSPEX SYSTEMS INC
28256,XTO ENERGY INC
28264,LCI INTERNATIONAL INC
28295,TITAN INTERNATIONAL INC
28320,CDW CORP
28323,ACADIA REALTY TRUST
28338,TRANSOCEAN LTD
28349,ALLSTATE CORP
28391,MARINER HEALTH GROUP INC
28397,PAPA JOHNS INTERNATIONAL INC
28414,LENOX GROUP INC
28435,BELL MICROPRODUCTS INC
28462,LIBBEY INC
28477,FLIR SYSTEMS INC
28481,PRIMADONNA RESORTS INC
28502,ELECTROGLAS INC
28524,DELTA & PINE LAND CO
28533,PLIANT SYSTEMS INC
28539,REGAL CINEMAS INC
28556,SIMON WORLDWIDE INC
28564,STONE ENERGY CORP
28590,BRINKS CO
28596,CYRIX CORP
28616,RURAL/METRO CORP
28622,FLYI INC
28635,RENAL TREATMENT CTRS INC
28648,PETSMART INC
28651,UNITED MERIDIAN CORP
28669,GREENFIELD INDS INC/DE
28676,WESTPOINT STEVENS INC
28678,ACTEL CORP
28700,QRS CORP
28701,RALSTON PURINA CO
28733,EQUITY RESIDENTIAL
28742,BORGWARNER INC
28758,SPSS INC
28765,LANDRYS RESTAURANTS INC
28787,PERFORMANCE FOOD GROUP CO
28853,ARRIS INTERNATIONAL PLC
28858,PHILADELPHIA CONS HLDG CORP
28875,COBRA GOLF INC
28900,COLONIAL PROPERTIES TRUST
28917,MONACO COACH CORP
28924,BARNES & NOBLE INC
28930,MARRIOTT INTL INC
28938,ULTRATECH INC
28940,BELDEN INC
29001,OM GROUP INC
29011,BOYD GAMING CORP
29015,DECKERS OUTDOOR CORP
29021,ULTIMATE ELECTRONICS INC
29028,COSTCO WHOLESALE CORP
29052,LXP INDUSTRIAL TRUST
29085,CREDENCE SYSTEMS CORP
29095,MERCURY INTERACTIVE CORP
29099,REGENCY CENTERS CORP
29100,CARSON PIRIE SCOTT & CO/IL
29105,J JILL GROUP INC
29108,PATTERSON-UTI ENERGY INC
29120,ALUMAX INC
29127,INCYTE CORP
29133,ITRON INC
29156,UFP INDUSTRIES INC
29169,LOUIS DREYFUS NAT GAS CORP
29173,OVINTIV EXPLORATION INC
29206,FORWARD AIR CORP
29211,BOSTON PRIVATE FINL HOLDINGS
29234,SAFESKIN CORP
29241,VIAVI SOLUTIONS INC
29246,ASTORIA FINANCIAL CORP
29262,RAILTEX INC
29266,TV GUIDE INC
29274,ATMI INC
29278,MARTEK BIOSCIENCES CORP
29282,NEW YORK CMNTY BANCORP INC
29287,CABLE DESIGN TECH CP  -CL A
29318,AIRTOUCH COMMUNICATIONS-OLD
29323,ALIMCO FINANCIAL CORP
29345,GATEWAY INC
29353,SHAW GROUP INC
29356,VERITAS SOFTWARE CORP
29369,CAMCO INTERNATIONAL INC
29381,MACROMEDIA INC
29386,TRIQUINT SEMICONDUCTOR INC
29389,SIMON PROPERTY GROUP INC
29392,EASTMAN CHEMICAL CO
29435,PLANAR SYSTEMS INC
29436,PROXIM INC
29454,CARELINE INC
29496,QUORUM HEALTH GROUP INC
29497,SOLA INTERNATIONAL INC
29511,CYTEC INDUSTRIES INC
29609,HAIN CELESTIAL GROUP INC
29613,CASCADE BANCORP
29621,STEEL CONNECT INC
29624,WAYPOINT FINANCIAL CORP
29645,GREENPOINT FINANCIAL CORP
29647,SFN GROUP INC
29661,MAPINFO CORP
29705,DAKTRONICS INC
29709,SONIC SOLUTIONS
29710,HEALTH NET INC
29722,DSP GROUP INC
29733,MARTIN MARIETTA MATERIALS
29734,MOBILE MINI INC
29736,TRACTOR SUPPLY CO
29751,ALBEMARLE CORP
29755,BEAZER HOMES USA INC
29791,QLOGIC CORP
29830,WESTROCK CO
29849,WESTERN ATLAS INC
29875,AVALONBAY COMMUNITIES INC
29891,EXECUTIVE RISK INC
29899,TEXAS REGL BCSHS INC  -CL A
29900,CMTSU LIQUIDATION INC
29901,COPART INC
29910,SCANSOURCE INC
29942,RALCORP HOLDINGS INC
29948,SHURGARD STORAGE CTRS  -CL A
29968,AK STEEL HOLDING CORP
29984,PROLOGIS INC
30006,BRIGHTPOINT INC
30025,MCWHORTER TECHNOLOGIES INC
30034,DIALOGIC CORP-OLD
30059,AMERN EAGLE OUTFITTERS INC
30087,C-CUBE MICROSYSTEMS INC
30094,MRO SOFTWARE INC
30095,QUINTILES TRANSNATIONAL CORP
30098,INGERSOLL RAND INC
30128,LEHMAN BROTHERS HOLDINGS INC
30138,JOS A BANK CLOTHIERS INC
30146,INVESTMENT TECHNOLOGY GP INC
30161,PSS WORLD MEDICAL INC
30203,ASCEND COMMUNICATIONS INC
30231,FRONTIER AIRLINES HOLDINGS
30237,FORE SYSTEMS INC
30260,SIMPSON MANUFACTURING INC
30298,HIGHWOODS PROPERTIES INC
30310,CONSOLIDATED GRAPHICS INC
30344,SANTA FE PACIFIC GOLD CORP
30354,LIBERTY PROPERTY TRUST
30383,CASE CORP
30400,VASTAR RESOURCES INC
30442,CORAM HEALTHCARE CORP
30490,APARTMENT INVST & MGMT CO
30530,NORRELL CORP
30534,HISPANIC BROADCASTING  -CL A
30576,ADTRAN INC
30584,A S V INC
30596,PMT SERVICES INC
30598,TOWER AUTOMOTIVE INC
30608,MPS GROUP INC
30612,AMEDISYS INC
30637,VERIS RESIDENTIAL INC
30671,RELIANCE STEEL & ALUMINUM CO
30697,AFFILIATED COMPUTER SERVICES
30861,KNIGHT-SWIFT TRPTN HLDGS INC
30865,CINERGY CORP
30870,ASPEN TECHNOLOGY INC
30906,OFFICEMAX INC-OLD
30946,PINNACLE SYSTEMS INC
30990,CAPITAL ONE FINANCIAL CORP
30994,U S FOODSERVICE INC
31007,FAMILY GOLF CENTERS INC
31022,SPORTS AUTHORITY INC-OLD
31122,APOLLO EDUCATION GROUP INC
31143,CAPTARIS INC
31147,MICREL INC
31166,GUIDANT CORP
31168,RSA SECURITY INC
31203,STILLWATER MINING CO
31223,ORTHOSYNETICS INC
31224,ITT EDUCATIONAL SERVICES INC
31427,NABISCO HOLDINGS CORP  -CL A
31448,COX COMMUNICATIONS INC
31453,INSIGHT ENTERPRISES INC
31458,PREMIER BANCSHARES INC
31477,AZENTA INC
31537,U S OFFICE PRODUCTS CO
31549,CAREMARK RX INC
31564,ACI WORLDWIDE INC
31578,AZZURRA HOLDING CORP
31586,DSP COMMUNICATIONS INC
31587,DOLLAR TREE INC
31600,COMMONWEALTH INDUSTRIES INC
31620,SDL INC
31622,REMEDY CORP
31673,AMERISOURCEBERGEN CORP
31707,PMI GROUP INC
31786,CONCENTRA MANAGED CARE INC
31843,HARMONIC INC
31846,DARDEN RESTAURANTS INC
31847,COMPDENT CORP
31849,BORDERS GROUP INC
31881,FEI CO
31887,RESMED INC
32280,STARZ
60797,AVANT CORP
60832,WORLD COLOR PRESS INC-OLD
60835,US ONCOLOGY INC
60846,TRANSWITCH CORP
60881,PSINET INC
60882,CML HOLDINGS INTL LLC
60894,CAMERON INTERNATIONAL CORP
60900,DISH NETWORK CORP
60901,HNC SOFTWARE INC
60904,PROMUS HOTEL CORP
60950,DENDRITE INTERNATIONAL INC
60969,LEGATO SYSTEMS INC
60992,SUNEDISON INC
61059,MINIMED INC
61088,TELCOM SEMICONDUCTOR INC
61093,CYBEX COMPUTER PRODS
61143,NETSCAPE COMMUNICATIONS CORP
61153,GRAFTECH INTERNATIONAL LTD
61155,ATLAS AIR WORLDWIDE HLDG INC
61180,VANTIVE CORP
61181,INTEGRA LIFESCIENCES HOLDNGS
61247,HARBINGER CORP
61302,ARCH CAPITAL GROUP LTD
61325,MEDNAX INC
61335,TALK AMERICA HOLDINGS INC
61339,MIDWEST AIR GROUP INC
61355,CHECKFREE CORP
61388,EVEREST RE GROUP LTD
61396,ESS TECHNOLOGY INC
61401,VERITY INC
61404,CENTRAL PARKING CORP
61405,SPEEDFAM-IPEC INC
61408,HANOVER INSURANCE GROUP INC
61409,DIAMOND OFFSHRE DRILLING INC
61410,ELANTEC SEMICONDUCTOR INC
61413,UNION PACIFIC RESOURCES GRP
61420,POOL CORP
61439,RADISYS CORP
61443,ETEC SYSTEMS INC
61464,MEDIAONE GROUP INC
61483,DAVITA INC
61489,QWEST COMMUNICATION INTL INC
61498,HYPERION SOLUTIONS CORP
61513,SANDISK CORP
61518,INVESTORS FINANCIAL SVCS CP
61519,SCHWEITZER-MAUDUIT INTL INC
61552,LEXMARK INTL INC  -CL A
61557,ADVENT SOFTWARE INC
61560,PHOTON DYNAMICS INC
61562,ADVANCED ENERGY INDS INC
61567,ESTEE LAUDER COMPANIES INC
61570,SECURE COMPUTING CORP
61574,WATERS CORP
61576,HEADWATERS INC
61587,INTEVAC INC
61591,NETAPP INC
61596,BUCKEYE TECHNOLOGIES INC
61600,PAREXEL INTERNATIONAL CORP
61606,CLARIFY INC
61640,EGL INC
61676,CITRIX SYSTEMS INC
61679,GREATER BAY BANCORP
61703,KENSEY NASH CORP
61725,TOLLGRADE COMMUNICATIONS INC
61730,EXTENDED STAY AMERICA -OLD
61732,MSC INDUSTRIAL DIRECT  -CL A
61738,ITT CORPORATION
61739,HARTFORD FINANCIAL SERVICES
61795,ROADWAY CORP
61840,CREDIT SUISSE USA INC
61859,SOURCECORP INC
61871,PHARMACEUTICAL PROD DEV INC
61941,GLENBOROUGH REALTY TRUST INC
61996,ARTHROCARE CORP
62036,RENAL CARE GROUP INC
62107,MULTIMEDIA GAMES HOLDING CO
62109,NCS HEALTHCARE INC  -CL A
62215,IMPATH INC
62229,360 COMMUNICATIONS CO
62237,CONNETICS CORP
62266,CSG SYSTEMS INTL INC
62336,CYTYC CORP
62338,STERLING COMMERCE INC
62339,SUPERIOR SERVICES INC
62351,MORRISON MGMT SPECIALISTS
62378,HUB GROUP INC  -CL A
62391,EARTHLINK HOLDINGS CORP
62399,JDA SOFTWARE GROUP INC
62406,EARTHGRAINS CO
62433,THERMOQUEST CORP
62494,PRGX GLOBAL INC
62550,LYCOS INC
62590,COST PLUS INC
62593,EXCITE INC
62599,LUCENT TECHNOLOGIES INC
62634,ALTABA INC
62655,DEAN FOODS CO
62667,COLLECTIVE BRANDS INC
62686,CARBO CERAMICS INC
62689,TRAVELERS COS INC
62691,OUTDOOR SYSTEMS INC
62730,POLYCOM INC
62732,SYKES ENTERPRISES INC
62745,JAKKS PACIFIC INC
62756,PATINA OIL & GAS CORP
62759,MARCHFIRST INC
62784,MILLENNIUM PHARMACEUTICALS
62814,NOVA CORP/GA
62897,TUPPERWARE BRANDS CORP
62913,DIGENE CORP
62915,SAKS HOLDINGS INC
62965,SS&C TECHNOLOGIES HLDGS INC
62967,SUNRISE SENIOR LIVING INC
62990,AFFYMETRIX INC
63021,INFOSEEK CORP
63052,DUPONT PHOTOMASKS INC
63070,BOSTON COMMUNICATIONS GROUP
63080,ANSYS INC
63099,BROADVISION INC
63102,KEYSTONE AUTOMOTIVE INDS INC
63135,DIME COMMUNITY BANCSHARES
63138,GLASSBRIDGE ENTERPRISES INC
63147,TIMCO AVIATION SERVICES INC
63172,FACTSET RESEARCH SYSTEMS INC
63180,SIEBEL SYSTEMS INC
63324,EXCELON CORP
63338,STRATEGIC EDUCATION INC
63385,VENTANA MEDICAL SYSTEM INC
63388,WILHELMINA INTERNATIONAL INC
63454,AWARE INC
63458,HAMBRECHT & QUIST GROUP INC
63500,DIAL CORPORATION
63501,E TRADE FINANCIAL CORP
63503,SERVICE EXPERTS INC
63509,DBT ONLINE INC
63525,METRO ONE TELECOMM INC
63527,STERICYCLE INC
63559,CUNO INC
63600,CYMER INC
63605,CALPINE CORP
63619,ALLEGIANCE CORP
63621,HOT TOPIC INC
63641,SNYDER COMMUNICATIONS INC
63643,ABERCROMBIE & FITCH  -CL A
63659,HALTER MARINE GROUP INC
63667,EDGEWATER TECHNOLOGY INC
63678,ADVANCED FIBRE COMM INC
63690,XSTELOS HOLDINGS INC
63724,NAVIGANT CONSULTING INC
63728,ADVANCEPCS
63741,LASON INC
63754,GULFSTREAM AEROSPACE
63763,HIBBETT INC
63766,SABRE HOLDINGS CORP  -CL A
63772,XOMED SURGICAL PRODS
63781,WINTRUST FINANCIAL CORP
63789,ARQULE INC
63797,ACNIELSEN CORP
63800,IMS HEALTH HOLDINGS INC
63803,TALX CORP
63812,VERTRUE INC
63835,METRO NETWORKS INC
63863,USANA HEALTH SCIENCES INC
63870,METRIS COMPANIES INC
63874,STAGE STORES INC
63876,TRIUMPH GROUP INC
63892,NOV INC
63898,MIDWAY GAMES INC
63907,EDUCATION MANAGEMENT CORP
63919,INGRAM MICRO INC
63927,UNITED NATURAL FOODS INC
63951,NCO GROUP INC
63980,KROLL INC
63985,MONTEREY RESOURCES INC
63998,GOLD BANC CORP INC
64030,STEEL DYNAMICS INC
64048,LINENS N THINGS INC
64088,VIASAT INC
64096,NEWPORT NEWS SHIPBUILDING
64103,POWERWAVE TECHNOLOGIES INC
64117,UNISOURCE WORLDWIDE INC
64135,DELTIC TIMBER CORP
64162,COVANCE INC
64166,QUEST DIAGNOSTICS INC
64218,WILSHIRE BANCORP INC
64262,ROSLYN BANCORP INC
64281,EARTHLINK NETWORK INC
64301,AMEGY BANCORPORATION INC
64302,INSPERITY INC
64303,AMERUS GROUP CO  -CL A
64306,KILROY REALTY CORP
64323,SCPIE HOLDINGS INC
64332,TRIGON HEALTHCARE INC
64346,EPIQ SYSTEMS INC
64356,CIENA CORP
64375,BIOSITE INC
64383,RADIANT SYSTEMS INC
64397,AVOCENT CORP
64410,CARMAX INC
64480,TIVO CORP
64485,NEOMAGIC CORP
64486,GUITAR CENTER INC
64552,TD AMERITRADE HOLDING CORP
64595,MEADE INSTRUMENTS CORP
64611,WESLEY JESSEN VISIONCARE INC
64621,NATIONWIDE FINL SVCS  -CL A
64630,TAKE-TWO INTERACTIVE SFTWR
64644,EGGHEAD.COM INC
64699,FLAGSTAR BANCORP INC
64766,RAMBUS INC
64813,HARTFORD LIFE INC  -CL A
64853,QORVO INC
64891,RALPH LAUREN CORP
64896,RC2 CORP
64901,MAXIMUS INC
64942,STARTEK INC -OLD
64950,GREAT PLAINS SOFTWARE INC
64967,QWEST COMMUNICATION INTL-OLD
64991,NEW CENTURY FINANCIAL CORP
64994,GEVITY HR INC
65006,HELIX ENERGY SOLUTIONS GROUP
65009,ARCHROCK INC
65026,OUTERWALL INC
65048,EQUITY OFFICE PROPERTIES TR
65105,BJ'S WHOLESALE CLUB INC
65135,FRIEDE GOLDMAN HALTER INC
65142,COMMSCOPE INC
65144,GENERAL SEMICONDUCTOR INC
65156,CHOICEPOINT INC
65163,GALILEO INTERNATIONAL INC
65184,CONCENTRIC NETWORK CORP
65215,HALL KINION & ASSOCIATES INC
65228,UMPQUA HOLDINGS CORP
65236,PEGASUS SOLUTIONS INC
65275,BRIGHT HORIZONS FAMILY SOLTN
65317,KENDLE INTERNATIONAL INC
65350,SOLUTIA INC
65351,PROVIDIAN CORP
65399,MERITOR INC
65406,PETMED EXPRESS INC
65417,YUM BRANDS INC
65430,CHILDRENS PLACE INC
65466,EDWARDS J D & CO
65488,NETWORK SOLUTIONS INC
65494,BEI TECHNOLOGIES INC
65552,IDENTIV INC
65554,POWER-ONE INC
65570,AMER ITALIAN PASTA CO  -CL A
65576,AMB PROPERTY CORP
65609,C H ROBINSON WORLDWIDE INC
65622,CONCORD COMMUNICATIONS INC
65643,FAIRCHILD SEMICONDUCTOR INTL
65671,DRIL-QUIP INC
65681,PRIORITY HEALTHCARE CP -CL B
65701,BERINGER WINE EST HLD  -CL B
65706,ABOVENET INC
65710,EPR PROPERTIES
65718,GROUP 1 AUTOMOTIVE INC
65739,PERICOM SEMICONDUCTOR CORP
65748,SAGA SYSTEMS INC
65772,METTLER-TOLEDO INTL INC
65831,SONIC AUTOMOTIVE INC  -CL A
65882,PREVIEW TRAVEL INC
65904,APPLIED MICRO CIRCUITS CORP
65967,ENVISION HEALTHCARE CORP
66016,INGREDION INC
66032,POWER INTEGRATIONS INC
66065,UNITED RENTALS INC
66096,STATEN ISLAND BANCORP INC
66265,KEEBLER FOODS CO
66368,VERISIGN INC
66379,PERDOCEO EDUCATION CORP
66393,MERCURY SYSTEMS INC
66414,GLOBAL TELESYSTEMS INC
66435,PROVINCE HEALTHCARE CO
66438,MIDAS INC
66446,QUANTA SERVICES INC
66447,VISUAL NETWORKS INC
66450,ASTROPOWER INC
66468,MICROMUSE INC
66588,SURMODICS INC
66599,WADDELL&REED FINL INC  -CL A
66643,VLASIC FOODS INTERNATIONAL
66673,INDEPENDENCE CMNTY BK CORP
66691,AGRIBRANDS INTERNATIONAL INC
66695,TUCKER ANTHONY SUTRO
66708,BROADCOM CORP
66731,FEDERATED HERMES INC
105670,BROOKLINE BANCORP INC
106900,INTERNET SECURITY SYSTEMS
109683,FIRST NIAGARA FINANCIAL GRP
109826,MANHATTAN ASSOCIATES INC
110065,INFINITY PROPERTY & CAS CORP
110535,VERIO INC
110536,YOUNG & RUBICAM INC
110685,L3 TECHNOLOGIES INC
110721,CARREKER CORP
110732,WASTE CONNECTIONS INC
110760,AXT INC
111103,MARINEMAX INC
111488,INKTOMI CORP
111491,SCHOOL SPECIALTY INC
111534,MICROSTRATEGY INC
111864,COGNIZANT TECH SOLUTIONS
112004,INTRADO INC
112033,KING PHARMACEUTICALS INC
112095,MIPS TECHNOLOGIES INC
112168,REPUBLIC SERVICES INC
112178,ABGENIX INC
112775,ELECTRONICS BOUTIQUE HLDG CP
113225,OPEN SOLUTIONS INC
113272,INFORMATION HOLDINGS INC
113301,PENTON MEDIA INC
113361,CATAPULT COMMUNICATIONS CORP
113419,CONVERGYS CORP
113491,GLOBAL CROSSING LTD
113609,ENTRUST INC
114303,CONOCO INC
114524,EBAY INC
114628,GOLDMAN SACHS GROUP INC
114777,PENNZOIL-QUAKER STATE CO
115245,THERMA WAVE INC
115566,UCBH HOLDINGS INC
115873,MONY GROUP INC
115876,PROSPERITY BANCSHARES INC
116144,GOLDEN STATE BANCORP INC
116245,SPRINT PCS GROUP
116431,E-TEK DYNAMICS INC
116503,P F CHANGS CHINA BISTRO INC
116504,SLEEP NUMBER CORP
116526,CONEXANT SYSTEMS INC
116609,INFINITY BROADCASTING CORP
116772,BLUCORA INC
116857,CAESARS ENTERTAINMENT -OLD
117768,NVIDIA CORP
117862,ARCH CHEMICALS INC
117902,AUDACY INC
118042,EAST WEST BANCORP INC
118121,CORINTHIAN COLLEGES INC
118122,APTIV PLC
118267,KORN FERRY
118321,SERENA SOFTWARE INC
118502,CEB INC
118577,LIFE TECHNOLOGIES CORP
118795,QUICKSILVER RESOURCES INC
119216,VARIAN INC
119217,VARIAN SEMICONDUCTOR EQUIPMT
119314,BOOKING HOLDINGS INC
119417,PEPSI BOTTLING GROUP INC
119574,EXTREME NETWORKS INC
119753,ACCREDO HEALTH INC
119756,STANCORP FINANCIAL GROUP INC
120048,HEIDRICK & STRUGGLES INTL
120093,CNX RESOURCES CORPORATION
120178,VOICESTREAM WIRELESS CORP
120297,LIFEPOINT HEALTH INC
120301,URBAN ONE INC
120302,TRIAD HOSPITALS INC
120458,BANKRATE INC
120595,REDBACK NETWORKS INC
120774,BROCADE COMMUNICATIONS SYS
120877,REYNOLDS AMERICAN INC
121077,F5 INC
121153,DITECH NETWORKS INC
121257,GREAT ELM GROUP INC
121315,FOCAL COMMUNICATIONS CORP
121374,CAREINSITE INC
121436,OVERTURE SERVICES INC
121493,ARIBA INC
121513,TD WATERHOUSE GROUP INC
121673,STAMPS.COM INC
121718,JUNIPER NETWORKS INC
121755,DIGITAL ISLAND INC
121816,PRIVATEBANCORP INC
121834,ASK JEEVES INC
122015,HUDSON CITY BANCORP INC
122061,TIBCO SOFTWARE INC
122077,EFFICIENT NETWORKS INC
122137,ENGAGE INC
122172,ZIFF DAVIS INC
122255,ALLSCRIPTS HLTHCR SOLTNS-OLD
122380,LENNOX INTERNATIONAL INC
122474,DIGEX INC
122514,BB LIQUIDATING INC
122778,TWEEN BRANDS INC
123097,LABRANCHE & CO INC
123998,SWK HOLDINGS CORP
124050,INVENTIV GROUP HLDGS -REDH
124198,UNITED ONLINE INC
124254,OMNOVA SOLUTIONS INC
124358,INTERNAP CORP
124361,SPINNAKER EXPLORATION CO
124435,DIGITAL INSIGHT CORP
124441,WILTEL COMMUNICATIONS GROUP
124614,NEUBERGER BERMAN INC
125014,PCTEL INC
125315,NEXCEN BRANDS INC
125533,PACTIV CORP
125595,AKAMAI TECHNOLOGIES INC
125860,PAC-WEST TELECOMM INC
126423,ONTO INNOVATION INC
126554,AGILENT TECHNOLOGIES INC
126599,RETEK INC
126615,BLUE COAT SYSTEMS INC
126721,TELEDYNE TECHNOLOGIES INC
126976,AMERICAN FINANCIAL HLDGS INC
127378,FREEMARKETS INC
128659,HANCOCK JOHN FINL SVCS INC
128978,PACKAGING CORP OF AMERICA
129840,MATTERSIGHT CORP
130200,GENTIVA HEALTH SERVICES INC
130762,INTERSIL CORP  -CL A
132502,PALM INC
132525,UTSTARCOM HOLDINGS CORP
133170,GRANT PRIDECO INC
133288,SILICON LABORATORIES INC
133366,EDWARDS LIFESCIENCES CORP
133367,EDGEWELL PERSONAL CARE CO
133432,WEBSENSE INC
133547,CONVERSANT INC
133726,CMC MATERIALS INC
133767,KRISPY KREME INC
133768,METLIFE INC
134144,EFUNDS CORP
134845,AT&T WIRELESS SERVICES INC
135484,FRONTIER COMMUNIC PARENT INC
135986,SCIELE PHARMA INC
136648,VISTEON CORP
136725,INTUITIVE SURGICAL INC
137131,CHARLES RIVER LABS INTL INC
137232,JANUS CAPITAL GROUP INC
137292,STRATOS INTERNATIONAL INC
137602,AXCELIS TECHNOLOGIES INC
137960,APW LTD
138321,CALIFORNIA PIZZA KITCHEN INC
138607,MCDATA CORP  -CL A
138741,AMERICAN MEDICAL SYSTMS HLDS
139662,AVAYA INC
139665,MOODY'S CORP
140027,HYDRIL CO
140033,GENON ENERGY INC
140073,INTEGER HOLDINGS CORP
140541,TAPESTRY INC
140569,W-H ENERGY SERVICES INC
140676,PHARMANET DEVELOPMENT GROUP
140760,MONSANTO CO
140897,PEET'S COFFEE & TEA INC
140902,NII HOLDINGS INC
140977,RRI ENERGY INC
140983,BANK MUTUAL CORP
141178,INSEEGO CORP
141321,SYBRON DENTAL SPECIALTIES
141400,MASSEY ENERGY CO
141845,AGERE SYSTEMS INC
141847,ODYSSEY HEALTHCARE INC
141913,GLOBAL PAYMENTS INC
142460,PEABODY ENERGY CORP
142748,ARBITRON INC
142811,FMC TECHNOLOGIES INC
142814,SYNAPTICS INC
142953,MONDELEZ INTERNATIONAL INC
143356,PRUDENTIAL FINANCIAL INC
143357,ACCENTURE PLC
143527,NAPSTER INC
143974,BREAD FINANCIAL HOLDINGS INC
144066,ROCKWELL COLLINS
144119,CERTEGY INC
144396,CROSS COUNTRY HEALTHCARE INC
144519,ARAMARK CORP
144520,AMN HEALTHCARE SERVICES INC
144559,ZIMMER BIOMET HOLDINGS INC
145046,ANTHEM INC
145049,GAMESTOP CORP
145308,WW INTERNATIONAL INC
145367,AMERIGROUP CORP
145552,CENTENE CORP
145701,PRINCIPAL FINANCIAL GRP INC
145854,VIASYS HEALTHCARE INC
145911,DJO INC
145977,ADVANCE AUTO PARTS INC
146017,ACUITY BRANDS INC
146036,IMAGISTICS INTERNATIONAL INC
146617,ANTEON INTERNATIONAL CORP
146739,MEDICOR LTD
147452,ALTIRIS INC
147660,SRA INTERNATIONAL INC
147661,ARO LIQUIDATION INC
148414,PLATINUM UNDERWRITERS HLDG
148469,SAFETY INSURANCE GROUP INC
148470,RED ROBIN GOURMET BURGERS
148870,ADVANCED MEDICAL OPTICS INC
148932,MONTPELIER RE HOLDINGS
149070,CME GROUP INC
149738,CIT GROUP INC
150139,DICKS SPORTING GOODS INC
150699,CIMAREX ENERGY CO
150937,SEAGATE TECHNOLOGY HOLDINGS
152249,ENDURANCE SPECIALTY HOLDINGS
153130,AXIS CAPITAL HOLDINGS LTD
154039,NETGEAR INC
155394,LKQ CORP
155736,FRANKLIN BANK CORP
156633,UNIVERSAL TECHNICAL INST
157355,GENESIS HEALTHCARE CORP
157858,FREESCALE SEMICONDUCTOR INC
158354,GENWORTH FINANCIAL INC
160255,HOSPIRA INC
160785,VIAD CORP
162264,NEENAH INC
164363,TRONOX HOLDINGS PLC
164708,AMERIPRISE FINANCIAL INC
165993,FIDELITY NATIONAL INFO SVCS
260774,CBRE GROUP INC
1094,ACETO CORP
1414,PRIMERICA INC
1439,US ECOLOGY INC
1585,AMERICAN VANGUARD CORP
1633,ANALOGIC CORP
1659,ANDERSONS INC
1926,AZZ INC
1968,BADGER METER INC
1979,BALCHEM CORP  -CL B
2025,BRE PROPERTIES INC
2615,CALAMP CORP
2628,CALIFORNIA WATER SERVICE GP
2802,CASCADE CORP
2820,CAVCO INDUSTRIES INC
2942,CANTEL MEDICAL CORP
3028,CHURCHILL DOWNS INC
3238,COMMERCE BANCSHARES INC
3382,SHUTTERSTOCK INC
3562,COUSINS PROPERTIES INC
4279,EMS TECHNOLOGIES INC
4605,FEDERAL REALTY INVESTMENT TR
4881,FRANKLIN ELECTRIC CO INC
5379,GULFMARK OFFSHORE INC
5530,HAWKINS INC
5543,WELLTOWER INC
5608,HEXCEL CORP
6100,INTERDIGITAL INC
6788,RANGE RESOURCES CORP
7022,MARCUS CORP
7063,HOST HOTELS & RESORTS INC
7275,MESA LABORATORIES INC
7526,QUIDELORTHO CORP
7682,NANOMETRICS INC
7882,NEWPARK RESOURCES
7951,MOVADO GROUP INC
8363,PARKWAY PROPERTIES INC
8386,PATRICK INDUSTRIES INC
8457,PENNSYLVANIA RE INVS TRUST
8898,RAYMOND JAMES FINANCIAL INC
8958,RAVEN INDUSTRIES INC
9273,ROYAL GOLD INC
9317,SEI INVESTMENTS CO
9551,DIGITAL TURBINE INC
9664,SHENANDOAH TELECOMMUN CO
9835,PIONEER ENERGY SERVICES CORP
9969,STAAR SURGICAL CO
10056,STEPAN CO
10124,STURM RUGER & CO INC
10353,TEAM INC
10374,PULSE ELECTRONICS CORP
10386,TECUMSEH PRODUCTS CO
10441,TENNANT CO
10466,ANDEAVOR
10507,ENERGY FUTURE HOLDINGS CORP
10549,THOR INDUSTRIES INC
10550,THORATEC CORP
10789,TYLER TECHNOLOGIES INC
10840,UNIFIRST CORP
10916,UMB FINANCIAL CORP
10999,UNITIL CORP
11142,AXSYS TECHNOLOGIES INC
11300,GRAHAM HOLDINGS CO
11376,WEST PHARMACEUTICAL SVSC INC
11745,QUALYS INC
11756,ALEXANDER & BALDWIN INC
11854,NMI HOLDINGS INC
11861,VALLEY NATIONAL BANCORP
12075,BALLY TECHNOLOGIES INC
12151,COTY INC
12180,OSI PHARMACEUTICALS INC
12181,REPLIGEN CORP
12212,TEKELEC
12234,SIGMA DESIGNS INC
12250,AMAG PHARMACEUTICALS INC
12379,AMERICAN WOODMARK CORP
12413,ENGILITY HOLDINGS INC
12485,ALTICE USA INC
12625,MARTEN TRANSPORT LTD
12803,GIGAMON INC
12915,ORASURE TECHNOLOGIES INC
12978,KRAFT FOODS GROUP INC
13124,NATIONWIDE HEALTH PPTYS INC
13142,CAPSTEAD MORTGAGE CORP
13440,LEVEL 3 COMMUNICATIONS INC
13540,WHITEWAVE FOODS CO
13562,BRANDYWINE REALTY TRUST
13580,UNIVERSAL HEALTH RLTY INCOME
13599,CELGENE CORP
13602,AMERICA'S CAR-MART INC
13619,ABIOMED INC
13721,ZOETIS INC
13782,MULTI-COLOR CORP
13789,AIR METHODS CORP
13800,ALMOST FAMILY INC
13861,TILE SHOP HOLDINGS INC
13963,VECTOR GROUP LTD
14169,LANDAUER INC
14172,FULTON FINANCIAL CORP
14219,CADENCE BANK
14304,AKORN OPERATING COMPANY LLC
14309,INTER PARFUMS INC
14438,ADT CORP
14555,ACELITY HOLDINGS INC -REDH
14561,II-VI INC
14603,AVID BIOSERVICES INC
14820,PRESIDENTIAL LIFE CORP
14898,3D SYSTEMS CORP
15111,RPT REALTY
15197,CHEMICAL FINANCIAL CORP
15414,BIO-TECHNE CORP
16101,ABBVIE INC
16116,CYRUSONE INC
16245,PEOPLE'S UNITED FINL INC
16269,ENANTA PHARMACEUTICALS INC
16416,RUCKUS WIRELESS INC
16453,NEOGEN CORP
16549,SERVISFIRST BANCSHARES INC
16653,TAYLOR MORRISON HOME CORP
16684,BANKUNITED FINANCIAL CORP
16781,CITY HOLDING CO
16889,INDEPENDENT BANK CORP/MA
16981,OFG BANCORP
17035,MERCURY GENERAL CORP
17070,NATIONAL PENN BANCSHARES INC
17074,NAVIGATORS GROUP INC
17095,OLD NATIONAL BANCORP
17132,WSFS FINANCIAL CORP
17160,CORUS BANKSHARES INC
17184,SEACOAST BANKING CORP/FL
17228,TALOS ENERGY INC
17240,TOMPKINS FINANCIAL CORP
17586,FRANKLIN FINL NETWORK INC
17699,CST BRANDS INC
17928,IQVIA HOLDINGS INC
17934,SPROUTS FARMERS MARKET
18086,MALLINCKRODT PLC
18204,ANI PHARMACEUTICALS INC
18494,INDEPENDENCE REALTY TRUST
18498,MURPHY USA INC
18683,SCIENCE APPLICATIONS INTL CP
18841,SURGICAL CARE AFFILIATES INC
18899,TANDEM DIABETES CARE INC
18938,XENCOR INC
19094,N B T BANCORP INC
19154,CARA THERAPEUTICS INC
19274,INOGEN INC
19355,SIMMONS FIRST NATL CP  -CL A
19518,KNOWLES CORP
19580,TIME INC
19649,SABRE CORP
19730,PAYLOCITY HOLDING CORP
19784,EAGLE PHARMACEUTICALS INC
19906,GRUBHUB INC
19998,MEDPACE HOLDINGS INC
20011,TIMKENSTEEL CORP
20019,CVB FINANCIAL CORP
20020,CIVEO CORP
20228,CATALENT INC
20232,KEYSIGHT TECHNOLOGIES INC
20235,NOW INC
20430,SLM CORP
20502,RAYONIER ADVANCED MATERIALS
20659,AMPHASTAR PHARMACEUTICLS INC
20686,SYNCHRONY FINANCIAL
20747,TESCO CORP
20748,ARISTA NETWORKS INC
20823,HEALTHEQUITY INC
21004,LANTHEUS HOLDINGS INC
21019,BRIGHTSPHERE INVEST GRP INC
21047,DIPLOMAT PHARMACY INC
21124,EL POLLO LOCO HOLDINGS INC
21352,AVANOS MEDICAL INC
21431,CALIFORNIA RESOURCES CORP
21515,UNIVAR SOLUTIONS INC
21542,AAON INC
21633,VERITEX HOLDINGS INC
21739,PRA HEALTH SCIENCES INC
21761,CDK GLOBAL INC
21815,TRIUMPH BANCORP INC
21816,TRAVELPORT WORLDWIDE LTD
21841,COHERUS BIOSCIENCES INC
21898,BOOT BARN HOLDINGS INC
22039,SYNEOS HEALTH INC
22053,CONTANGO OIL & GAS CO
22059,INTEGRAL SYSTEMS INC
22343,KLX INC
22447,PAR PACIFIC HOLDINGS INC
22459,URBAN EDGE PROPERTIES
22583,GMS INC
22632,LANNETT CO INC
22653,VISTA OUTDOOR INC
22734,BAXALTA INC
22741,CHEMOURS CO
23027,EXPONENT INC
23119,SOLAREDGE TECHNOLOGIES INC
23208,BARNES & NOBLE EDUCATION INC
23225,CABLE ONE INC
23238,ETSY INC
23245,TOPBUILD CORP
23546,CERIDIAN HCM HOLDING
23555,COLLEGIUM PHARMACEUTICAL INC
23587,HAYNES INTERNATIONAL INC
23753,DORMAN PRODUCTS INC
23843,WINGSTOP INC
23990,GLAUKOS CORP
24076,OLLIE'S BARGAIN OUTLET HLDGS
24135,ALARM.COM HOLDINGS INC
24171,DESIGNER BRANDS INC
24225,CORVEL CORP
24232,HANCOCK WHITNEY CORP
24293,KAISER ALUMINUM CORP
24350,MONRO INC
24363,BUCYRUS INTERNATIONAL INC
24611,SPX FLOW INC
24616,PAYPAL HOLDINGS INC
24708,ATN INTERNATIONAL INC
24755,SANFILIPPO JOHN B&SON
24982,LIFECELL CORP
25030,VIRTUS INVESTMENT PTNRS INC
25167,TAILORED BRANDS INC
25180,AGCO CORP
25405,GENERAL CABLE CORP/DE
25424,HOSTESS BRANDS INC
25509,SUPERIOR ENERGY SERVICES INC
25572,ENCORE WIRE CORP
25600,CARE CAPITAL PPTYS INC
25623,HI TECH PHARMACAL CO INC
25774,ELECTRONICS FOR IMAGING INC
25874,PETROQUEST ENERGY INC
25880,PATTERSON COS INC
25906,QUESTCOR PHARMACEUTICALS INC
25937,LIGAND PHARMACEUTICAL INC
25950,TAUBMAN CENTERS INC
25964,CHART INDUSTRIES INC
26016,UNIVERSAL INSURANCE HLDGS
26037,HMS HOLDINGS CORP
26146,REGENXBIO INC
26156,HEWLETT PACKARD ENTERPRISE
26304,CSRA INC
26368,MIMECAST LTD
26590,FORTIVE CORP
26709,VERSUM MATERIALS INC
26812,GCP APPLIED TECHNOLOGIES INC
26847,TACTILE SYSTEMS TECHNOLOGY
27119,INGEVITY CORP
27215,FGL HOLDINGS
27333,ADIENT PLC
27373,VALVOLINE INC
27576,SIMPLY GOOD FOODS COMPANY
27638,ALCOA CORP
27653,YETI HOLDINGS INC
27803,DONNELLEY FINANCIAL SOLTNS
27828,UNIVERSAL ELECTRONICS INC
27960,ALAMO GROUP INC
28022,BANCFIRST CORP/OK
28070,ADVANSIX INC
28119,BROOKFIELD PROPERTY REIT
28191,ROYAL CARIBBEAN GROUP
28192,HOWMET AEROSPACE INC
28209,ANIKA THERAPEUTICS INC
28216,REINSURANCE GROUP AMER INC
28303,ELLIS PERRY INTL INC
28322,HEALTHCARE REALTY TRUST INC
28347,FLOTEK INDUSTRIES INC
28380,ORTHOFIX MEDICAL INC
28408,GENTHERM INC
28608,POST PROPERTIES INC
28629,CAMDEN PROPERTY TRUST
28704,MONARCH CASINO & RESORT INC
28762,SPARTANNASH CO
28769,SAUL CENTERS INC
28790,LAMB WESTON HOLDINGS INC
28806,ARROWHEAD PHARMACEUTICAL INC
28866,META FINANCIAL GROUP INC
28877,KEURIG DR PEPPER INC
29004,VAREX IMAGING CORP
29055,TRIAD GUARANTY INC
29101,FIRST FINL BANKSHARES INC
29131,GIBRALTAR INDUSTRIES INC
29155,CARS.COM INC
29382,MADDEN STEVEN LTD
29492,COMMERCE GROUP INC/MA
29612,CELADON GROUP INC
29819,BIOVERATIV INC
29835,FOUNDATION BLDG MRL INC
29868,MACERICH CO
29870,OLYMPIC STEEL INC
29887,TOWERS WATSON & CO
29930,MOTORCAR PARTS OF AMER INC
30137,NEKTAR THERAPEUTICS
30145,PROPETRO HOLDING CORP
30222,AMERIS BANCORP
30259,PENN NATIONAL GAMING INC
30293,ESSEX PROPERTY TRUST
30443,FRESH DEL MONTE PRODUCE INC
30536,GEO GROUP INC
30539,HOME PROPERTIES INC
30651,DARLING INGREDIENTS INC
30662,SIRIUS XM HOLDINGS INC
30847,STRATASYS LTD
30888,FIDELITY SOUTHERN CORP
30923,TECHNIPFMC PLC
30932,NORTHWEST BANCSHARES INC
30962,CADENCE BANCORPORATION
31109,ANTERO MIDSTREAM CORP
31227,NUTRISYSTEM INC
31368,HANMI FINANCIAL CORP
31460,RENT-A-CENTER INC
31494,SMART GLOBAL HOLDINGS INC
31521,STONEX GROUP INC
31692,MB FINANCIAL INC/MD
31774,BRIGHTHOUSE FINANL INC
31802,DELPHI TECHNOLOGIES PLC
32106,BAKER HUGHES CO
32154,JBG SMITH PPTYS
32574,NATIONAL VISION HOLDINGS INC
32641,SAILPOINT TECHNO HLDG
32809,APOLLO MEDICAL HOLDING INC
33243,WYNDHAM HOTELS & RESRTS
33718,BJS WHSL CLUB HLDGS INC
33750,IAA INC
33767,SONOS INC
34051,GARRETT MOTION INC
34053,RESIDEO TECHNOLOGIES
34410,MODERNA INC
34443,DOW INC
34636,FOX CORP
34765,COVETRUS INC
34953,PALOMAR HOLDINGS INC
35035,KONTOOR BRANDS INC
35168,CORTEVA INC
35497,ENVISTA HOLDINGS CORP
36190,OTIS WORLDWIDE CORP
36191,CARRIER GLOBAL CORP
36203,VONTIER CORP
36847,HARMONY BIOSC HOLD INC
37054,ACADEMY SPO AND OU INC
37382,CONCENTRIX CORP
37445,AARONS CO INC (THE)
60902,HAWAIIAN HOLDINGS INC
60914,LIFE STORAGE INC
60923,DAVE & BUSTER'S ENTMT INC
60979,WABTEC CORP
61321,SMITH MICRO SOFTWARE INC
61350,CRAY INC
61399,MYRIAD GENETICS INC
61406,RENAISSANCERE HOLDINGS LTD
61494,HENRY SCHEIN INC
61581,BOSTON BEER INC  -CL A
61745,IMPAX LABORATORIES INC
62016,SIZMEK INC
62263,ALEXION PHARMACEUTICALS INC
62374,IRON MOUNTAIN INC
62388,VERTRO INC
62516,CENTURY ALUMINUM CO
62823,FTI CONSULTING INC
62921,NEUROCRINE BIOSCIENCES INC
62979,SOUTHSIDE BANCSHARES INC
63123,GENESEE & WYOMING INC  -CL A
63196,GETTY IMAGES INC
63422,LAMAR ADVERTISING CO  -CL A
63447,GUESS INC
63645,ENDO INTERNATIONAL PLC
63650,SPECTRUM PHARMACEUTICALS INC
63651,ROFIN SINAR TECHNOLOGIES INC
63663,AUTHORIZE.NET HOLDINGS INC
63739,BJ'S RESTAURANTS INC
63866,CUBIST PHARMACEUTICALS INC
64004,VIROPHARMA INC
64028,NU SKIN ENTERPRISES  -CL A
64160,ATC TECHNOLOGY CORP
64165,IGATE CORP
64175,LITHIA MOTORS INC  -CL A
64275,CAL-MAINE FOODS INC
64304,COLDWATER CREEK INC
64334,VERICEL CORP
64341,ERESEARCHTECHNOLOGY INC
64536,EURONET WORLDWIDE INC
64794,UNITED COMMUNITY BANKS INC
64925,BOSTON PROPERTIES INC
64929,SIMULATIONS PLUS INC
64979,PACIFIC PREMIER BANCORP INC
64997,COMFORT SYSTEMS USA INC
65011,HESKA CORP
65021,8X8 INC
65084,CORECIVIC INC
65106,BANK OZK
65220,CARRIZO OIL & GAS INC
65290,SL GREEN REALTY CORP
65345,AMERICAN CAPITAL LTD
65421,FARO TECHNOLOGIES INC
65521,TRADESTATION GROUP INC
65607,OSI SYSTEMS INC
65615,CHOICE HOTELS INTL INC
65640,CENTRESPACE
65676,INTERMEC INC
65872,PROGENICS PHARMACEUTICAL INC
65886,AFFILIATED MANAGERS GRP INC
65896,GEOSPACE TECHNOLOGIES CORP
65944,ASSERTIO HOLDINGS INC
66235,HOPE BANCORP INC
66728,SONOSITE INC
100873,NIELSEN HOLDINGS PLC
104432,NORWEGIAN CRUISE LINE HLDGS
105365,AMERICAN TOWER CORP
109183,PREFERRED BANK LOS ANGELES
110039,AMKOR TECHNOLOGY INC
110179,VENTAS INC
110382,EQUITY ONE INC
110566,INNOSPEC INC
111721,EAGLE BANCORP INC/MD
111873,RH
112626,CARDINAL FINANCIAL CORP
112968,MANNATECH INC
113270,ECLIPSYS CORP
113362,DIGITAL RIVER INC
114608,POPEYES LOUISIANA KITCHEN
115404,WEBMD HEALTH CORP
116104,J CREW GROUP INC
116395,TICKETMASTER ENTERTNMNT INC
117036,GOLDEN ENTERTAINMENT INC
117161,STERLING BANCORP
117861,AMERICAN AXLE & MFG HOLDINGS
118081,ALBANY MOLECULAR RESH INC
119273,CRITICAL PATH INC
119316,TREX CO INC
119414,CAPITOL FEDERAL FINL INC
120134,INFORMATICA CORP
120359,TW TELECOM INC
121382,SBA COMMUNICATIONS CORP
121440,UNITED THERAPEUTICS CORP
121656,CYBERSOURCE CORP
121815,ENCORE CAPITAL GROUP INC
121934,PETROHAWK ENERGY CORP
122841,RED HAT INC
122921,QUEST SOFTWARE INC
124038,INTERACTIVE INTELLIGENCE GRP
124319,FOUNDRY NETWORKS INC
124775,CIRCOR INTL INC
125794,NEOGENOMICS INC
126136,CHARTER COMMUNICATIONS INC
126296,EXPEDIA GROUP INC
126417,FINISAR CORP
127094,XO GROUP INC
128759,NATCO GROUP INC
129441,ZYNEX INC
133504,LUMINEX CORP
133869,LIVEPERSON INC
133885,EXELIXIS INC
133944,OCLARO INC
134164,WEBEX COMMUNICATIONS INC
134932,ON SEMICONDUCTOR CORP
135788,CEVA INC
135990,NRG ENERGY INC
137024,BASIC ENERGY SERVICES INC
138205,ILLUMINA INC
138483,BRUKER CORP
138608,MEDICINES CO (THE)
139025,PINNACLE FINL PARTNERS INC
139804,TTM TECHNOLOGIES INC
140030,OPLINK COMMUNICATIONS INC
140759,IXIA
141001,UTI WORLDWIDE INC
141359,RESOURCES CONNECTION INC
141384,ALIGN TECHNOLOGY INC
141459,GARMIN LTD
141496,DYNAVAX TECHNOLOGIES CORP
142260,OIL STATES INTL INC
142382,ENCORE ACQUISITION CO
142956,OMNICELL INC
143605,MEDCATH CORP
143689,INLAND REAL ESTATE CORP
143912,AXON ENTERPRISE INC
144009,WILLIS TOWERS WATSON PLC
144436,NATUS MEDICAL INC
144640,ASBURY AUTOMOTIVE GROUP INC
144998,XPO LOGISTICS INC
145041,BIG 5 SPORTING GOODS CORP
145186,WCI COMMUNITIES INC
146171,MANTECH INTL CORP
146616,CORCEPT THERAPEUTICS INC
146648,CUTERA INC
147175,LORILLARD INC
147579,NETFLIX INC
147639,REPUBLIC AIRWAYS HLDGS INC
147658,HEWITT ASSOCIATES INC
147988,AECOM
148217,FAIRPOINT COMMUNICATIONS INC
148349,TRANSDIGM GROUP INC
148390,FORMFACTOR INC
148391,KIRKLAND'S INC
148650,SI INTERNATIONAL INC
148950,ENPRO INDUSTRIES INC
149268,FREEPORT MCMRN OIL&GAS -REDH
149337,NASDAQ INC
149618,BANC OF CALIFORNIA INC
150258,HORNBECK OFFSHORE SVCS INC
150279,PROVIDENT FINANCIAL SVCS INC
150481,SAIA INC
151630,HALOZYME THERAPEUTICS INC
152149,MOLINA HEALTHCARE INC
153813,DTS INC
154357,QEP RESOURCES INC
154758,MODIVCARE INC
155393,WHITING PETROLEUM CORP
156153,XPERI HOLDING CORP
156155,TD SYNNEX CORPORATION
156383,AMERICAN EQTY INVT LIFE HLDG
156614,CONN'S INC
156617,ACORDA THERAPEUTICS INC
156618,NEWALLIANCE BANCSHARES INC
156676,TALEN ENERGY CORP
156861,TEMPUR SEALY INTL INC
156953,HILLTOP HOLDINGS INC
157057,ASSURANT INC
157153,COMPASS MINERALS INTL INC
157218,BUFFALO WILD WINGS INC
157855,SALESFORCE INC
157954,SANTARUS INC
157955,ASSURED GUARANTY LTD
158473,SYNIVERSE HOLDINGS INC-OLD
158563,CYTOKINETICS INC
158587,BANCORP INC
158742,MARKETAXESS HOLDINGS INC
158743,B&G FOODS INC
158791,PROCERA NETWORKS INC
160211,DOMINO'S PIZZA INC
160225,MASTERCARD INC
160256,METROPCS COMMUNICATIONS INC
160329,ALPHABET INC
160415,RIGHTNOW TECHNOLOGIES INC
160479,EXTRA SPACE STORAGE INC
160505,VOLTERRA SEMICONDUCTOR CORP
160600,SYMMETRY MEDICAL INC
160668,INNOVIVA INC
160706,DIAMONDROCK HOSPITALITY CO
160888,MONOLITHIC POWER SYSTEMS INC
160893,ENERSYS
160912,DREAMWORKS ANIMATION SKG INC
160989,CALAMOS ASSET MANAGEMENT INC
160991,DIGITAL REALTY TRUST INC
161040,HEARTLAND PAYMENT SYSTEMS
161844,LAS VEGAS SANDS CORP
162129,MOSAIC CO
162175,OPTIONSXPRESS HOLDINGS INC
162254,CELANESE CORP
162335,PRESTIGE CONSUMER HEALTHCARE
162385,WEX INC
162386,GUE LIQ COS INC
162449,EXLSERVICE HOLDINGS INC
162459,HIGHPOINT RESOURCES CORP
162560,AXOS FINANCIAL INC
162733,VERIFONE SYSTEMS INC
162876,CORE MARK HOLDING CO INC
162887,DEXCOM INC
163036,BUILDERS FIRSTSOURCE
163102,MICRUS ENDOVASCULAR CORP
163113,KOPPERS HOLDINGS INC
163610,INTERCONTINENTAL EXCHANGE
163627,DIAMOND FOODS INC
163629,NEUSTAR INC
163668,LINCOLN EDUCATIONAL SERVICES
163765,COOPER-STANDARD HOLDINGS INC
163878,CAPELLA EDUCATION CO
163879,MAIDENFORM BRANDS INC
163891,RUTHS HOSPITALITY GROUP INC
163946,CF INDUSTRIES HOLDINGS INC
163948,DRESSER-RAND GROUP INC
163983,TREEHOUSE FOODS INC
163987,CBEYOND INC
164296,WARNER BROS DISCOVERY INC
164364,INVESTORS BANCORP INC
164416,IROBOT CORP
164422,DEALERTRACK TECHNOLOGIES INC
164432,NCI INC
164471,RESTAURANT BRANDS INTL INC
164609,GENOMIC HEALTH INC
164664,CYNOSURE INC
164680,KAPSTONE PAPER & PACKAGING
164755,CROCS INC
165052,UNDER ARMOUR INC
165123,LEIDOS HOLDINGS INC
165244,TALEO CORP
165264,FIDELITY NATL FINL FNF GROUP
165675,VIACOM INC
165746,LIVE NATION ENTERTAINMENT
165845,NTELOS HOLDINGS CORP
165855,HEALTHSPRING INC
165914,CHIPOTLE MEXICAN GRILL INC
166061,ROSETTA RESOURCES INC
166213,LIQUIDITY SERVICES INC
166230,KRATON CORP
166435,VANDA PHARMACEUTICALS INC
166451,NYSE EURONEXT
166562,VONAGE HOLDINGS CORP
166593,SYNCHRONOSS TECHNOLOGIES
170384,GOGO INC
170396,CUSTOMERS BANCORP INC
170527,POST HOLDINGS INC
170841,PHILLIPS 66
170904,TUMI HOLDINGS INC
171002,GLOBUS MEDICAL INC
171007,SERVICENOW INC
171049,BLOOMIN' BRANDS INC
171141,FIVE BELOW INC
174022,ANYWHERE REAL ESTATE INC
174049,PGT INNOVATIONS INC
174077,COMMVAULT SYSTEMS INC
174130,EMBARQ CORP
174222,DUNKIN' BRANDS GROUP INC
174310,KBR INC
174313,LEGACY TEX FINANCIAL GRP INC
174317,RIVERBED TECHNOLOGY INC
174389,EHEALTH INC
174390,LEMAITRE VASCULAR INC
174490,WINDSTREAM HOLDINGS INC
174567,INNOPHOS HOLDINGS INC
174663,STANLEY INC
174729,TRAVEL PLUS LEISURE CO
174876,SIRONA DENTAL SYSTEMS INC
175007,ALLEGIANT TRAVEL CO
175263,WESTERN UNION CO
175307,DOUGLAS EMMETT INC
175308,SUCAMPO PHARMACEUTICALS INC
175319,HANESBRANDS INC
175376,SHUTTERFLY INC
175404,FIRST SOLAR INC
175900,SALLY BEAUTY HOLDINGS INC
176022,EMERGENT BIOSOLUTIONS INC
176268,DCT INDUSTRIAL TRUST INC
176282,SPECTRA ENERGY CORP
176351,ORITANI FINANCIAL CORP
176362,AEROVIRONMENT INC
176404,TIME WARNER CABLE INC
176556,SOURCEFIRE INC
176567,SUPER MICRO COMPUTER INC
176591,EMPLOYERS HOLDINGS INC
176760,DOMTAR CORP
176782,GLU MOBILE INC
176840,RING ENERGY INC
176928,BROADRIDGE FINANCIAL SOLUTNS
177099,MONOTYPE IMAGING HOLDINGS
177264,COVIDIEN PLC
177267,TE CONNECTIVITY LTD
177287,JAZZ PHARMACEUTICALS PLC
177376,DISCOVER FINANCIAL SVCS
177429,SOLERA HOLDINGS INC
177780,COMSCORE INC
177871,VIRTUSA CORP
177881,MASIMO CORP
177884,CONCHO RESOURCES INC
177895,GT ADVANCED TECHNOLOGIES INC
177896,REX ENERGY CORP
177924,PHARMERICA CORP
177943,DHI GROUP INC
177982,DOLAN CO
177983,GENPACT LTD
178157,MIMEDX GROUP INC
178310,TERADATA CORP
178371,MAIDEN HOLDINGS LTD
178493,CONSTANT CONTACT INC
178507,MSCI INC
178538,ZEP INC
178548,COMPELLENT TECHNOLOGIES INC
178608,PATRIOT COAL CORP
178645,METAVANTE TECHNOLOGIES INC
178704,ULTA BEAUTY INC
178738,GENOPTIX INC
178767,INTELIQUENT INC
178797,AMERICAN PUBLIC EDUCATION
178803,ENSIGN GROUP INC
178806,LL FLOORING HOLDINGS INC
178823,UNITED INSURANCE HOLDINGS CO
178834,NORTHFIELD BANCORP INC
178865,RUBICON TECHNOLOGY INC
178943,ENTROPIC COMMUNICATIONS INC
179027,MEDASSETS INC
179077,FORESTAR GROUP INC
179079,GUARANTY FINANCIAL GROUP INC
179132,ORION GROUP HOLDINGS INC
179288,DALLASNEWS CORP
179299,IPC HEALTHCARE INC
179413,CARDIOVASCULAR SYSTEMS INC
179437,AMERICAN WATER WORKS CO INC
179441,BIOTELEMETRY INC
179534,VISA INC
179577,ENOVIS CORP
179583,FABRINET
179657,HILLENBRAND INC
179666,LOGMEIN INC
179690,SOLARWINDS CORP
179700,DR PEPPER SNAPPLE GROUP INC
179819,QUANEX BUILDING PRODUCTS
179843,INTREPID POTASH INC
179925,RACKSPACE HOSTING INC
179957,ECHO GLOBAL LOGISTICS INC
179974,HCI GROUP INC
180083,GRAND CANYON EDUCATION INC
180167,SCRIPPS NETWORKS INTERACTIVE
180272,BLACK KNIGHT INC
180402,HSN INC
180405,ACTIVISION BLIZZARD INC
180423,LENDINGTREE INC
180562,ROADRUNNER TRANS SYSTEMS INC
180597,STR HOLDINGS INC
180635,CLOUD PEAK ENERGY INC
180646,MYR GROUP INC
180652,VERISK ANALYTICS INC
180659,AVIV REIT INC
180711,BROADCOM INC
180833,MEAD JOHNSON NUTRITION CO
181099,BRINKS HOME SECURITY HLDGS
181269,GREEN PLAINS INC
181931,CLEARWATER PAPER CORP
181989,U S SILICA HOLDINGS INC
182308,MEDIDATA SOLUTIONS INC
182387,OPENTABLE INC
183257,CAREFUSION CORP
183283,ADDUS HOMECARE CORP
183377,FORTINET INC
183380,SEAHAWK DRILLING INC
183570,RUE21 INC
183581,KAR AUCTION SERVICES INC
183606,APOLLO COMMERCIAL RE FIN INC
183636,R1 RCM INC
183640,IRIDIUM COMMUNICATIONS INC
183736,GENERAC HOLDINGS INC
183903,CALIX INC
183920,AOL INC
183974,SPS COMMERCE INC
184009,FINANCIAL ENGINES INC
184256,IRONWOOD PHARMACEUTICALS INC
184263,QUINSTREET INC
184323,EXPRESS INC
184392,GREEN DOT CORP
184442,OASIS PETROLEUM INC
184551,MAXLINEAR INC
184571,HIGHER ONE HOLDINGS INC
184576,ENVESTNET INC
184604,ALPHA AND OMEGA SEMICONDUCTO
184700,FLEETCOR TECHNOLOGIES INC
184715,TANGOE INC
184996,TESLA INC
185177,CORESITE REALTY CORP
185370,WALKER & DUNLOP INC
185375,EVERTEC INC
185396,SUMMIT HOTEL PROPERTIES INC
185584,EXAMWORKS GROUP INC
185836,PACIRA BIOSCIENCES INC
186045,SAGENT PHARMACEUTICALS INC
186106,MOTOROLA MOBILITY HLDGS INC
186159,SUPERNUS PHARMACEUTICALS INC
186310,HUNTINGTON INGALLS IND INC
186336,C&J ENERGY SERVICES INC
186773,SUNCOKE ENERGY INC
186960,CHEFS' WAREHOUSE INC
186989,MARATHON PETROLEUM CORP
187041,FHC HOLDINGS CORP
187105,WAGEWORKS INC
187128,WPX ENERGY INC
187164,HOMESTREET INC
187450,ENPHASE ENERGY INC
187551,TRINSEO PLC
187653,ZELTIQ AESTHETICS INC
187692,RENEWABLE ENERGY GROUP INC
187696,PROTO LABS INC
187697,EPAM SYSTEMS INC
187698,CIVITAS RESOURCES INC
187766,ERA GROUP INC
187775,CHUY'S HOLDINGS INC
187812,MATADOR RESOURCES CO
187961,LAREDO PETROLEUM INC
188255,FORTUNE BRANDS HOME & SECUR
189490,EXELIS INC
189491,XYLEM INC
189517,ENOVA INTERNATIONAL INC
189579,GROCERY OUTLET HLDNG CORP
190959,LUMOS NETWORKS CORP
190963,NATIONAL BANK HLDGS CORP
191255,MARRIOTT VACATIONS WORLDWIDE
192255,ACADIA HEALTHCARE CO INC
196159,PBF ENERGY INC
196268,YELP INC
197956,ANNIE'S INC
198058,CAPRI HOLDINGS LTD
199356,TRIPADVISOR INC
258869,TRI POINTE HOMES INC
260778,WELLCARE HEALTH PLANS INC
260893,BLACKBAUD INC
264385,NUVASIVE INC
264387,ANGIODYNAMICS INC
264391,BLUE NILE INC
264397,CARDTRONICS PLC
264414,MOMENTA PHARMACEUTICALS INC
264416,ULTRA CLEAN HOLDINGS INC
264708,CABELAS INC
266315,KITE REALTY GROUP TRUST
274165,GLOBE SPECIALTY METALS INC
285085,UNIQURE NV
287462,FUTUREFUEL CORP
294524,LYONDELLBASELL INDUSTRIES NV
316056,ALLEGION PLC
326688,NVENT ELECTRIC PLC
